Groups:,,,,,,,,,,,,
GPIO_[13..4] =, GPIO_[13], GPIO_[12], GPIO_[11], GPIO_[10], GPIO_[9], GPIO_[8], GPIO_[7], GPIO_[6], GPIO_[5], GPIO_[4],  unsigned decimal,
,,,,,,,,,,,,
Data:,,,,,,,,,,,,
time unit: s, GPIO_[13..4], GPIO_[13], GPIO_[12], GPIO_[11], GPIO_[10], GPIO_[9], GPIO_[8], GPIO_[7], GPIO_[6], GPIO_[5], GPIO_[4], 
0, X, X, X, X, X, X, X, X, X, X, X, 
1,92,0,0,0,1,0,1,1,1,0,0, 
2,92,0,0,0,1,0,1,1,1,0,0, 
3,90,0,0,0,1,0,1,1,0,1,0, 
4,90,0,0,0,1,0,1,1,0,1,0, 
5,90,0,0,0,1,0,1,1,0,1,0, 
6,90,0,0,0,1,0,1,1,0,1,0, 
7,90,0,0,0,1,0,1,1,0,1,0, 
8,88,0,0,0,1,0,1,1,0,0,0, 
9,88,0,0,0,1,0,1,1,0,0,0, 
10,88,0,0,0,1,0,1,1,0,0,0, 
11,88,0,0,0,1,0,1,1,0,0,0, 
12,88,0,0,0,1,0,1,1,0,0,0, 
13,86,0,0,0,1,0,1,0,1,1,0, 
14,86,0,0,0,1,0,1,0,1,1,0, 
15,86,0,0,0,1,0,1,0,1,1,0, 
16,86,0,0,0,1,0,1,0,1,1,0, 
17,86,0,0,0,1,0,1,0,1,1,0, 
18,85,0,0,0,1,0,1,0,1,0,1, 
19,85,0,0,0,1,0,1,0,1,0,1, 
20,85,0,0,0,1,0,1,0,1,0,1, 
21,85,0,0,0,1,0,1,0,1,0,1, 
22,85,0,0,0,1,0,1,0,1,0,1, 
23,83,0,0,0,1,0,1,0,0,1,1, 
24,83,0,0,0,1,0,1,0,0,1,1, 
25,83,0,0,0,1,0,1,0,0,1,1, 
26,83,0,0,0,1,0,1,0,0,1,1, 
27,83,0,0,0,1,0,1,0,0,1,1, 
28,81,0,0,0,1,0,1,0,0,0,1, 
29,81,0,0,0,1,0,1,0,0,0,1, 
30,81,0,0,0,1,0,1,0,0,0,1, 
31,81,0,0,0,1,0,1,0,0,0,1, 
32,81,0,0,0,1,0,1,0,0,0,1, 
33,79,0,0,0,1,0,0,1,1,1,1, 
34,79,0,0,0,1,0,0,1,1,1,1, 
35,79,0,0,0,1,0,0,1,1,1,1, 
36,79,0,0,0,1,0,0,1,1,1,1, 
37,78,0,0,0,1,0,0,1,1,1,0, 
38,78,0,0,0,1,0,0,1,1,1,0, 
39,78,0,0,0,1,0,0,1,1,1,0, 
40,78,0,0,0,1,0,0,1,1,1,0, 
41,78,0,0,0,1,0,0,1,1,1,0, 
42,76,0,0,0,1,0,0,1,1,0,0, 
43,76,0,0,0,1,0,0,1,1,0,0, 
44,76,0,0,0,1,0,0,1,1,0,0, 
45,76,0,0,0,1,0,0,1,1,0,0, 
46,76,0,0,0,1,0,0,1,1,0,0, 
47,74,0,0,0,1,0,0,1,0,1,0, 
48,74,0,0,0,1,0,0,1,0,1,0, 
49,74,0,0,0,1,0,0,1,0,1,0, 
50,74,0,0,0,1,0,0,1,0,1,0, 
51,74,0,0,0,1,0,0,1,0,1,0, 
52,73,0,0,0,1,0,0,1,0,0,1, 
53,73,0,0,0,1,0,0,1,0,0,1, 
54,73,0,0,0,1,0,0,1,0,0,1, 
55,73,0,0,0,1,0,0,1,0,0,1, 
56,73,0,0,0,1,0,0,1,0,0,1, 
57,71,0,0,0,1,0,0,0,1,1,1, 
58,71,0,0,0,1,0,0,0,1,1,1, 
59,71,0,0,0,1,0,0,0,1,1,1, 
60,71,0,0,0,1,0,0,0,1,1,1, 
61,71,0,0,0,1,0,0,0,1,1,1, 
62,70,0,0,0,1,0,0,0,1,1,0, 
63,70,0,0,0,1,0,0,0,1,1,0, 
64,70,0,0,0,1,0,0,0,1,1,0, 
65,70,0,0,0,1,0,0,0,1,1,0, 
66,70,0,0,0,1,0,0,0,1,1,0, 
67,68,0,0,0,1,0,0,0,1,0,0, 
68,68,0,0,0,1,0,0,0,1,0,0, 
69,68,0,0,0,1,0,0,0,1,0,0, 
70,68,0,0,0,1,0,0,0,1,0,0, 
71,68,0,0,0,1,0,0,0,1,0,0, 
72,67,0,0,0,1,0,0,0,0,1,1, 
73,67,0,0,0,1,0,0,0,0,1,1, 
74,67,0,0,0,1,0,0,0,0,1,1, 
75,67,0,0,0,1,0,0,0,0,1,1, 
76,65,0,0,0,1,0,0,0,0,0,1, 
77,65,0,0,0,1,0,0,0,0,0,1, 
78,65,0,0,0,1,0,0,0,0,0,1, 
79,65,0,0,0,1,0,0,0,0,0,1, 
80,65,0,0,0,1,0,0,0,0,0,1, 
81,63,0,0,0,0,1,1,1,1,1,1, 
82,63,0,0,0,0,1,1,1,1,1,1, 
83,63,0,0,0,0,1,1,1,1,1,1, 
84,63,0,0,0,0,1,1,1,1,1,1, 
85,63,0,0,0,0,1,1,1,1,1,1, 
86,62,0,0,0,0,1,1,1,1,1,0, 
87,62,0,0,0,0,1,1,1,1,1,0, 
88,62,0,0,0,0,1,1,1,1,1,0, 
89,62,0,0,0,0,1,1,1,1,1,0, 
90,62,0,0,0,0,1,1,1,1,1,0, 
91,60,0,0,0,0,1,1,1,1,0,0, 
92,60,0,0,0,0,1,1,1,1,0,0, 
93,60,0,0,0,0,1,1,1,1,0,0, 
94,60,0,0,0,0,1,1,1,1,0,0, 
95,60,0,0,0,0,1,1,1,1,0,0, 
96,59,0,0,0,0,1,1,1,0,1,1, 
97,59,0,0,0,0,1,1,1,0,1,1, 
98,59,0,0,0,0,1,1,1,0,1,1, 
99,59,0,0,0,0,1,1,1,0,1,1, 
100,59,0,0,0,0,1,1,1,0,1,1, 
101,58,0,0,0,0,1,1,1,0,1,0, 
102,58,0,0,0,0,1,1,1,0,1,0, 
103,58,0,0,0,0,1,1,1,0,1,0, 
104,58,0,0,0,0,1,1,1,0,1,0, 
105,58,0,0,0,0,1,1,1,0,1,0, 
106,56,0,0,0,0,1,1,1,0,0,0, 
107,56,0,0,0,0,1,1,1,0,0,0, 
108,56,0,0,0,0,1,1,1,0,0,0, 
109,56,0,0,0,0,1,1,1,0,0,0, 
110,56,0,0,0,0,1,1,1,0,0,0, 
111,55,0,0,0,0,1,1,0,1,1,1, 
112,55,0,0,0,0,1,1,0,1,1,1, 
113,55,0,0,0,0,1,1,0,1,1,1, 
114,55,0,0,0,0,1,1,0,1,1,1, 
115,55,0,0,0,0,1,1,0,1,1,1, 
116,53,0,0,0,0,1,1,0,1,0,1, 
117,53,0,0,0,0,1,1,0,1,0,1, 
118,53,0,0,0,0,1,1,0,1,0,1, 
119,53,0,0,0,0,1,1,0,1,0,1, 
120,52,0,0,0,0,1,1,0,1,0,0, 
121,52,0,0,0,0,1,1,0,1,0,0, 
122,52,0,0,0,0,1,1,0,1,0,0, 
123,52,0,0,0,0,1,1,0,1,0,0, 
124,52,0,0,0,0,1,1,0,1,0,0, 
125,51,0,0,0,0,1,1,0,0,1,1, 
126,51,0,0,0,0,1,1,0,0,1,1, 
127,51,0,0,0,0,1,1,0,0,1,1, 
128,51,0,0,0,0,1,1,0,0,1,1, 
129,51,0,0,0,0,1,1,0,0,1,1, 
130,49,0,0,0,0,1,1,0,0,0,1, 
131,49,0,0,0,0,1,1,0,0,0,1, 
132,49,0,0,0,0,1,1,0,0,0,1, 
133,49,0,0,0,0,1,1,0,0,0,1, 
134,49,0,0,0,0,1,1,0,0,0,1, 
135,48,0,0,0,0,1,1,0,0,0,0, 
136,48,0,0,0,0,1,1,0,0,0,0, 
137,48,0,0,0,0,1,1,0,0,0,0, 
138,48,0,0,0,0,1,1,0,0,0,0, 
139,48,0,0,0,0,1,1,0,0,0,0, 
140,47,0,0,0,0,1,0,1,1,1,1, 
141,47,0,0,0,0,1,0,1,1,1,1, 
142,47,0,0,0,0,1,0,1,1,1,1, 
143,47,0,0,0,0,1,0,1,1,1,1, 
144,47,0,0,0,0,1,0,1,1,1,1, 
145,45,0,0,0,0,1,0,1,1,0,1, 
146,45,0,0,0,0,1,0,1,1,0,1, 
147,45,0,0,0,0,1,0,1,1,0,1, 
148,45,0,0,0,0,1,0,1,1,0,1, 
149,45,0,0,0,0,1,0,1,1,0,1, 
150,44,0,0,0,0,1,0,1,1,0,0, 
151,44,0,0,0,0,1,0,1,1,0,0, 
152,44,0,0,0,0,1,0,1,1,0,0, 
153,44,0,0,0,0,1,0,1,1,0,0, 
154,44,0,0,0,0,1,0,1,1,0,0, 
155,43,0,0,0,0,1,0,1,0,1,1, 
156,43,0,0,0,0,1,0,1,0,1,1, 
157,43,0,0,0,0,1,0,1,0,1,1, 
158,43,0,0,0,0,1,0,1,0,1,1, 
159,43,0,0,0,0,1,0,1,0,1,1, 
160,41,0,0,0,0,1,0,1,0,0,1, 
161,41,0,0,0,0,1,0,1,0,0,1, 
162,41,0,0,0,0,1,0,1,0,0,1, 
163,41,0,0,0,0,1,0,1,0,0,1, 
164,40,0,0,0,0,1,0,1,0,0,0, 
165,40,0,0,0,0,1,0,1,0,0,0, 
166,40,0,0,0,0,1,0,1,0,0,0, 
167,40,0,0,0,0,1,0,1,0,0,0, 
168,40,0,0,0,0,1,0,1,0,0,0, 
169,39,0,0,0,0,1,0,0,1,1,1, 
170,39,0,0,0,0,1,0,0,1,1,1, 
171,39,0,0,0,0,1,0,0,1,1,1, 
172,39,0,0,0,0,1,0,0,1,1,1, 
173,39,0,0,0,0,1,0,0,1,1,1, 
174,38,0,0,0,0,1,0,0,1,1,0, 
175,38,0,0,0,0,1,0,0,1,1,0, 
176,38,0,0,0,0,1,0,0,1,1,0, 
177,38,0,0,0,0,1,0,0,1,1,0, 
178,38,0,0,0,0,1,0,0,1,1,0, 
179,37,0,0,0,0,1,0,0,1,0,1, 
180,37,0,0,0,0,1,0,0,1,0,1, 
181,37,0,0,0,0,1,0,0,1,0,1, 
182,37,0,0,0,0,1,0,0,1,0,1, 
183,37,0,0,0,0,1,0,0,1,0,1, 
184,35,0,0,0,0,1,0,0,0,1,1, 
185,35,0,0,0,0,1,0,0,0,1,1, 
186,35,0,0,0,0,1,0,0,0,1,1, 
187,35,0,0,0,0,1,0,0,0,1,1, 
188,35,0,0,0,0,1,0,0,0,1,1, 
189,34,0,0,0,0,1,0,0,0,1,0, 
190,34,0,0,0,0,1,0,0,0,1,0, 
191,34,0,0,0,0,1,0,0,0,1,0, 
192,34,0,0,0,0,1,0,0,0,1,0, 
193,34,0,0,0,0,1,0,0,0,1,0, 
194,33,0,0,0,0,1,0,0,0,0,1, 
195,33,0,0,0,0,1,0,0,0,0,1, 
196,33,0,0,0,0,1,0,0,0,0,1, 
197,33,0,0,0,0,1,0,0,0,0,1, 
198,33,0,0,0,0,1,0,0,0,0,1, 
199,32,0,0,0,0,1,0,0,0,0,0, 
200,32,0,0,0,0,1,0,0,0,0,0, 
201,32,0,0,0,0,1,0,0,0,0,0, 
202,32,0,0,0,0,1,0,0,0,0,0, 
203,31,0,0,0,0,0,1,1,1,1,1, 
204,31,0,0,0,0,0,1,1,1,1,1, 
205,31,0,0,0,0,0,1,1,1,1,1, 
206,31,0,0,0,0,0,1,1,1,1,1, 
207,31,0,0,0,0,0,1,1,1,1,1, 
208,30,0,0,0,0,0,1,1,1,1,0, 
209,30,0,0,0,0,0,1,1,1,1,0, 
210,30,0,0,0,0,0,1,1,1,1,0, 
211,30,0,0,0,0,0,1,1,1,1,0, 
212,30,0,0,0,0,0,1,1,1,1,0, 
213,29,0,0,0,0,0,1,1,1,0,1, 
214,29,0,0,0,0,0,1,1,1,0,1, 
215,29,0,0,0,0,0,1,1,1,0,1, 
216,29,0,0,0,0,0,1,1,1,0,1, 
217,29,0,0,0,0,0,1,1,1,0,1, 
218,28,0,0,0,0,0,1,1,1,0,0, 
219,28,0,0,0,0,0,1,1,1,0,0, 
220,28,0,0,0,0,0,1,1,1,0,0, 
221,28,0,0,0,0,0,1,1,1,0,0, 
222,28,0,0,0,0,0,1,1,1,0,0, 
223,27,0,0,0,0,0,1,1,0,1,1, 
224,27,0,0,0,0,0,1,1,0,1,1, 
225,27,0,0,0,0,0,1,1,0,1,1, 
226,27,0,0,0,0,0,1,1,0,1,1, 
227,27,0,0,0,0,0,1,1,0,1,1, 
228,26,0,0,0,0,0,1,1,0,1,0, 
229,26,0,0,0,0,0,1,1,0,1,0, 
230,26,0,0,0,0,0,1,1,0,1,0, 
231,26,0,0,0,0,0,1,1,0,1,0, 
232,26,0,0,0,0,0,1,1,0,1,0, 
233,25,0,0,0,0,0,1,1,0,0,1, 
234,25,0,0,0,0,0,1,1,0,0,1, 
235,25,0,0,0,0,0,1,1,0,0,1, 
236,25,0,0,0,0,0,1,1,0,0,1, 
237,25,0,0,0,0,0,1,1,0,0,1, 
238,24,0,0,0,0,0,1,1,0,0,0, 
239,24,0,0,0,0,0,1,1,0,0,0, 
240,24,0,0,0,0,0,1,1,0,0,0, 
241,24,0,0,0,0,0,1,1,0,0,0, 
242,24,0,0,0,0,0,1,1,0,0,0, 
243,23,0,0,0,0,0,1,0,1,1,1, 
244,23,0,0,0,0,0,1,0,1,1,1, 
245,23,0,0,0,0,0,1,0,1,1,1, 
246,23,0,0,0,0,0,1,0,1,1,1, 
247,22,0,0,0,0,0,1,0,1,1,0, 
248,22,0,0,0,0,0,1,0,1,1,0, 
249,22,0,0,0,0,0,1,0,1,1,0, 
250,22,0,0,0,0,0,1,0,1,1,0, 
251,22,0,0,0,0,0,1,0,1,1,0, 
252,21,0,0,0,0,0,1,0,1,0,1, 
253,21,0,0,0,0,0,1,0,1,0,1, 
254,21,0,0,0,0,0,1,0,1,0,1, 
255,21,0,0,0,0,0,1,0,1,0,1, 
256,21,0,0,0,0,0,1,0,1,0,1, 
257,20,0,0,0,0,0,1,0,1,0,0, 
258,20,0,0,0,0,0,1,0,1,0,0, 
259,20,0,0,0,0,0,1,0,1,0,0, 
260,20,0,0,0,0,0,1,0,1,0,0, 
261,20,0,0,0,0,0,1,0,1,0,0, 
262,19,0,0,0,0,0,1,0,0,1,1, 
263,19,0,0,0,0,0,1,0,0,1,1, 
264,19,0,0,0,0,0,1,0,0,1,1, 
265,19,0,0,0,0,0,1,0,0,1,1, 
266,19,0,0,0,0,0,1,0,0,1,1, 
267,19,0,0,0,0,0,1,0,0,1,1, 
268,19,0,0,0,0,0,1,0,0,1,1, 
269,19,0,0,0,0,0,1,0,0,1,1, 
270,19,0,0,0,0,0,1,0,0,1,1, 
271,19,0,0,0,0,0,1,0,0,1,1, 
272,18,0,0,0,0,0,1,0,0,1,0, 
273,18,0,0,0,0,0,1,0,0,1,0, 
274,18,0,0,0,0,0,1,0,0,1,0, 
275,18,0,0,0,0,0,1,0,0,1,0, 
276,18,0,0,0,0,0,1,0,0,1,0, 
277,17,0,0,0,0,0,1,0,0,0,1, 
278,17,0,0,0,0,0,1,0,0,0,1, 
279,17,0,0,0,0,0,1,0,0,0,1, 
280,17,0,0,0,0,0,1,0,0,0,1, 
281,17,0,0,0,0,0,1,0,0,0,1, 
282,16,0,0,0,0,0,1,0,0,0,0, 
283,16,0,0,0,0,0,1,0,0,0,0, 
284,16,0,0,0,0,0,1,0,0,0,0, 
285,16,0,0,0,0,0,1,0,0,0,0, 
286,15,0,0,0,0,0,0,1,1,1,1, 
287,15,0,0,0,0,0,0,1,1,1,1, 
288,15,0,0,0,0,0,0,1,1,1,1, 
289,15,0,0,0,0,0,0,1,1,1,1, 
290,15,0,0,0,0,0,0,1,1,1,1, 
291,15,0,0,0,0,0,0,1,1,1,1, 
292,15,0,0,0,0,0,0,1,1,1,1, 
293,15,0,0,0,0,0,0,1,1,1,1, 
294,15,0,0,0,0,0,0,1,1,1,1, 
295,15,0,0,0,0,0,0,1,1,1,1, 
296,14,0,0,0,0,0,0,1,1,1,0, 
297,14,0,0,0,0,0,0,1,1,1,0, 
298,14,0,0,0,0,0,0,1,1,1,0, 
299,14,0,0,0,0,0,0,1,1,1,0, 
300,14,0,0,0,0,0,0,1,1,1,0, 
301,13,0,0,0,0,0,0,1,1,0,1, 
302,13,0,0,0,0,0,0,1,1,0,1, 
303,13,0,0,0,0,0,0,1,1,0,1, 
304,13,0,0,0,0,0,0,1,1,0,1, 
305,13,0,0,0,0,0,0,1,1,0,1, 
306,12,0,0,0,0,0,0,1,1,0,0, 
307,12,0,0,0,0,0,0,1,1,0,0, 
308,12,0,0,0,0,0,0,1,1,0,0, 
309,12,0,0,0,0,0,0,1,1,0,0, 
310,12,0,0,0,0,0,0,1,1,0,0, 
311,12,0,0,0,0,0,0,1,1,0,0, 
312,12,0,0,0,0,0,0,1,1,0,0, 
313,12,0,0,0,0,0,0,1,1,0,0, 
314,12,0,0,0,0,0,0,1,1,0,0, 
315,12,0,0,0,0,0,0,1,1,0,0, 
316,11,0,0,0,0,0,0,1,0,1,1, 
317,11,0,0,0,0,0,0,1,0,1,1, 
318,11,0,0,0,0,0,0,1,0,1,1, 
319,11,0,0,0,0,0,0,1,0,1,1, 
320,11,0,0,0,0,0,0,1,0,1,1, 
321,11,0,0,0,0,0,0,1,0,1,1, 
322,11,0,0,0,0,0,0,1,0,1,1, 
323,11,0,0,0,0,0,0,1,0,1,1, 
324,11,0,0,0,0,0,0,1,0,1,1, 
325,11,0,0,0,0,0,0,1,0,1,1, 
326,10,0,0,0,0,0,0,1,0,1,0, 
327,10,0,0,0,0,0,0,1,0,1,0, 
328,10,0,0,0,0,0,0,1,0,1,0, 
329,10,0,0,0,0,0,0,1,0,1,0, 
330,9,0,0,0,0,0,0,1,0,0,1, 
331,9,0,0,0,0,0,0,1,0,0,1, 
332,9,0,0,0,0,0,0,1,0,0,1, 
333,9,0,0,0,0,0,0,1,0,0,1, 
334,9,0,0,0,0,0,0,1,0,0,1, 
335,9,0,0,0,0,0,0,1,0,0,1, 
336,9,0,0,0,0,0,0,1,0,0,1, 
337,9,0,0,0,0,0,0,1,0,0,1, 
338,9,0,0,0,0,0,0,1,0,0,1, 
339,9,0,0,0,0,0,0,1,0,0,1, 
340,8,0,0,0,0,0,0,1,0,0,0, 
341,8,0,0,0,0,0,0,1,0,0,0, 
342,8,0,0,0,0,0,0,1,0,0,0, 
343,8,0,0,0,0,0,0,1,0,0,0, 
344,8,0,0,0,0,0,0,1,0,0,0, 
345,8,0,0,0,0,0,0,1,0,0,0, 
346,8,0,0,0,0,0,0,1,0,0,0, 
347,8,0,0,0,0,0,0,1,0,0,0, 
348,8,0,0,0,0,0,0,1,0,0,0, 
349,8,0,0,0,0,0,0,1,0,0,0, 
350,7,0,0,0,0,0,0,0,1,1,1, 
351,7,0,0,0,0,0,0,0,1,1,1, 
352,7,0,0,0,0,0,0,0,1,1,1, 
353,7,0,0,0,0,0,0,0,1,1,1, 
354,7,0,0,0,0,0,0,0,1,1,1, 
355,7,0,0,0,0,0,0,0,1,1,1, 
356,7,0,0,0,0,0,0,0,1,1,1, 
357,7,0,0,0,0,0,0,0,1,1,1, 
358,7,0,0,0,0,0,0,0,1,1,1, 
359,7,0,0,0,0,0,0,0,1,1,1, 
360,6,0,0,0,0,0,0,0,1,1,0, 
361,6,0,0,0,0,0,0,0,1,1,0, 
362,6,0,0,0,0,0,0,0,1,1,0, 
363,6,0,0,0,0,0,0,0,1,1,0, 
364,6,0,0,0,0,0,0,0,1,1,0, 
365,6,0,0,0,0,0,0,0,1,1,0, 
366,6,0,0,0,0,0,0,0,1,1,0, 
367,6,0,0,0,0,0,0,0,1,1,0, 
368,6,0,0,0,0,0,0,0,1,1,0, 
369,5,0,0,0,0,0,0,0,1,0,1, 
370,5,0,0,0,0,0,0,0,1,0,1, 
371,5,0,0,0,0,0,0,0,1,0,1, 
372,5,0,0,0,0,0,0,0,1,0,1, 
373,5,0,0,0,0,0,0,0,1,0,1, 
374,5,0,0,0,0,0,0,0,1,0,1, 
375,5,0,0,0,0,0,0,0,1,0,1, 
376,5,0,0,0,0,0,0,0,1,0,1, 
377,5,0,0,0,0,0,0,0,1,0,1, 
378,5,0,0,0,0,0,0,0,1,0,1, 
379,4,0,0,0,0,0,0,0,1,0,0, 
380,4,0,0,0,0,0,0,0,1,0,0, 
381,4,0,0,0,0,0,0,0,1,0,0, 
382,4,0,0,0,0,0,0,0,1,0,0, 
383,4,0,0,0,0,0,0,0,1,0,0, 
384,4,0,0,0,0,0,0,0,1,0,0, 
385,4,0,0,0,0,0,0,0,1,0,0, 
386,4,0,0,0,0,0,0,0,1,0,0, 
387,4,0,0,0,0,0,0,0,1,0,0, 
388,4,0,0,0,0,0,0,0,1,0,0, 
389,4,0,0,0,0,0,0,0,1,0,0, 
390,4,0,0,0,0,0,0,0,1,0,0, 
391,4,0,0,0,0,0,0,0,1,0,0, 
392,4,0,0,0,0,0,0,0,1,0,0, 
393,4,0,0,0,0,0,0,0,1,0,0, 
394,3,0,0,0,0,0,0,0,0,1,1, 
395,3,0,0,0,0,0,0,0,0,1,1, 
396,3,0,0,0,0,0,0,0,0,1,1, 
397,3,0,0,0,0,0,0,0,0,1,1, 
398,3,0,0,0,0,0,0,0,0,1,1, 
399,3,0,0,0,0,0,0,0,0,1,1, 
400,3,0,0,0,0,0,0,0,0,1,1, 
401,3,0,0,0,0,0,0,0,0,1,1, 
402,3,0,0,0,0,0,0,0,0,1,1, 
403,3,0,0,0,0,0,0,0,0,1,1, 
404,2,0,0,0,0,0,0,0,0,1,0, 
405,2,0,0,0,0,0,0,0,0,1,0, 
406,2,0,0,0,0,0,0,0,0,1,0, 
407,2,0,0,0,0,0,0,0,0,1,0, 
408,2,0,0,0,0,0,0,0,0,1,0, 
409,2,0,0,0,0,0,0,0,0,1,0, 
410,2,0,0,0,0,0,0,0,0,1,0, 
411,2,0,0,0,0,0,0,0,0,1,0, 
412,2,0,0,0,0,0,0,0,0,1,0, 
413,2,0,0,0,0,0,0,0,0,1,0, 
414,2,0,0,0,0,0,0,0,0,1,0, 
415,2,0,0,0,0,0,0,0,0,1,0, 
416,2,0,0,0,0,0,0,0,0,1,0, 
417,2,0,0,0,0,0,0,0,0,1,0, 
418,2,0,0,0,0,0,0,0,0,1,0, 
419,2,0,0,0,0,0,0,0,0,1,0, 
420,2,0,0,0,0,0,0,0,0,1,0, 
421,2,0,0,0,0,0,0,0,0,1,0, 
422,2,0,0,0,0,0,0,0,0,1,0, 
423,1,0,0,0,0,0,0,0,0,0,1, 
424,1,0,0,0,0,0,0,0,0,0,1, 
425,1,0,0,0,0,0,0,0,0,0,1, 
426,1,0,0,0,0,0,0,0,0,0,1, 
427,1,0,0,0,0,0,0,0,0,0,1, 
428,1,0,0,0,0,0,0,0,0,0,1, 
429,1,0,0,0,0,0,0,0,0,0,1, 
430,1,0,0,0,0,0,0,0,0,0,1, 
431,1,0,0,0,0,0,0,0,0,0,1, 
432,1,0,0,0,0,0,0,0,0,0,1, 
433,1,0,0,0,0,0,0,0,0,0,1, 
434,1,0,0,0,0,0,0,0,0,0,1, 
435,1,0,0,0,0,0,0,0,0,0,1, 
436,1,0,0,0,0,0,0,0,0,0,1, 
437,1,0,0,0,0,0,0,0,0,0,1, 
438,1,0,0,0,0,0,0,0,0,0,1, 
439,1,0,0,0,0,0,0,0,0,0,1, 
440,1,0,0,0,0,0,0,0,0,0,1, 
441,1,0,0,0,0,0,0,0,0,0,1, 
442,1,0,0,0,0,0,0,0,0,0,1, 
443,1,0,0,0,0,0,0,0,0,0,1, 
444,1,0,0,0,0,0,0,0,0,0,1, 
445,1,0,0,0,0,0,0,0,0,0,1, 
446,1,0,0,0,0,0,0,0,0,0,1, 
447,1,0,0,0,0,0,0,0,0,0,1, 
448,0,0,0,0,0,0,0,0,0,0,0, 
449,0,0,0,0,0,0,0,0,0,0,0, 
450,0,0,0,0,0,0,0,0,0,0,0, 
451,0,0,0,0,0,0,0,0,0,0,0, 
452,0,0,0,0,0,0,0,0,0,0,0, 
453,0,0,0,0,0,0,0,0,0,0,0, 
454,0,0,0,0,0,0,0,0,0,0,0, 
455,0,0,0,0,0,0,0,0,0,0,0, 
456,0,0,0,0,0,0,0,0,0,0,0, 
457,0,0,0,0,0,0,0,0,0,0,0, 
458,0,0,0,0,0,0,0,0,0,0,0, 
459,0,0,0,0,0,0,0,0,0,0,0, 
460,0,0,0,0,0,0,0,0,0,0,0, 
461,0,0,0,0,0,0,0,0,0,0,0, 
462,0,0,0,0,0,0,0,0,0,0,0, 
463,0,0,0,0,0,0,0,0,0,0,0, 
464,0,0,0,0,0,0,0,0,0,0,0, 
465,0,0,0,0,0,0,0,0,0,0,0, 
466,0,0,0,0,0,0,0,0,0,0,0, 
467,0,0,0,0,0,0,0,0,0,0,0, 
468,0,0,0,0,0,0,0,0,0,0,0, 
469,0,0,0,0,0,0,0,0,0,0,0, 
470,0,0,0,0,0,0,0,0,0,0,0, 
471,0,0,0,0,0,0,0,0,0,0,0, 
472,0,0,0,0,0,0,0,0,0,0,0, 
473,0,0,0,0,0,0,0,0,0,0,0, 
474,0,0,0,0,0,0,0,0,0,0,0, 
475,0,0,0,0,0,0,0,0,0,0,0, 
476,0,0,0,0,0,0,0,0,0,0,0, 
477,0,0,0,0,0,0,0,0,0,0,0, 
478,0,0,0,0,0,0,0,0,0,0,0, 
479,0,0,0,0,0,0,0,0,0,0,0, 
480,0,0,0,0,0,0,0,0,0,0,0, 
481,0,0,0,0,0,0,0,0,0,0,0, 
482,0,0,0,0,0,0,0,0,0,0,0, 
483,0,0,0,0,0,0,0,0,0,0,0, 
484,0,0,0,0,0,0,0,0,0,0,0, 
485,0,0,0,0,0,0,0,0,0,0,0, 
486,0,0,0,0,0,0,0,0,0,0,0, 
487,0,0,0,0,0,0,0,0,0,0,0, 
488,0,0,0,0,0,0,0,0,0,0,0, 
489,0,0,0,0,0,0,0,0,0,0,0, 
490,0,0,0,0,0,0,0,0,0,0,0, 
491,0,0,0,0,0,0,0,0,0,0,0, 
492,0,0,0,0,0,0,0,0,0,0,0, 
493,0,0,0,0,0,0,0,0,0,0,0, 
494,0,0,0,0,0,0,0,0,0,0,0, 
495,0,0,0,0,0,0,0,0,0,0,0, 
496,0,0,0,0,0,0,0,0,0,0,0, 
497,0,0,0,0,0,0,0,0,0,0,0, 
498,0,0,0,0,0,0,0,0,0,0,0, 
499,0,0,0,0,0,0,0,0,0,0,0, 
500,0,0,0,0,0,0,0,0,0,0,0, 
501,0,0,0,0,0,0,0,0,0,0,0, 
502,0,0,0,0,0,0,0,0,0,0,0, 
503,0,0,0,0,0,0,0,0,0,0,0, 
504,0,0,0,0,0,0,0,0,0,0,0, 
505,0,0,0,0,0,0,0,0,0,0,0, 
506,0,0,0,0,0,0,0,0,0,0,0, 
507,0,0,0,0,0,0,0,0,0,0,0, 
508,0,0,0,0,0,0,0,0,0,0,0, 
509,0,0,0,0,0,0,0,0,0,0,0, 
510,0,0,0,0,0,0,0,0,0,0,0, 
511,0,0,0,0,0,0,0,0,0,0,0, 
512,0,0,0,0,0,0,0,0,0,0,0, 
513,0,0,0,0,0,0,0,0,0,0,0, 
514,0,0,0,0,0,0,0,0,0,0,0, 
515,0,0,0,0,0,0,0,0,0,0,0, 
516,1,0,0,0,0,0,0,0,0,0,1, 
517,1,0,0,0,0,0,0,0,0,0,1, 
518,1,0,0,0,0,0,0,0,0,0,1, 
519,1,0,0,0,0,0,0,0,0,0,1, 
520,1,0,0,0,0,0,0,0,0,0,1, 
521,1,0,0,0,0,0,0,0,0,0,1, 
522,1,0,0,0,0,0,0,0,0,0,1, 
523,1,0,0,0,0,0,0,0,0,0,1, 
524,1,0,0,0,0,0,0,0,0,0,1, 
525,1,0,0,0,0,0,0,0,0,0,1, 
526,1,0,0,0,0,0,0,0,0,0,1, 
527,1,0,0,0,0,0,0,0,0,0,1, 
528,1,0,0,0,0,0,0,0,0,0,1, 
529,1,0,0,0,0,0,0,0,0,0,1, 
530,1,0,0,0,0,0,0,0,0,0,1, 
531,1,0,0,0,0,0,0,0,0,0,1, 
532,1,0,0,0,0,0,0,0,0,0,1, 
533,1,0,0,0,0,0,0,0,0,0,1, 
534,1,0,0,0,0,0,0,0,0,0,1, 
535,1,0,0,0,0,0,0,0,0,0,1, 
536,1,0,0,0,0,0,0,0,0,0,1, 
537,1,0,0,0,0,0,0,0,0,0,1, 
538,1,0,0,0,0,0,0,0,0,0,1, 
539,1,0,0,0,0,0,0,0,0,0,1, 
540,2,0,0,0,0,0,0,0,0,1,0, 
541,2,0,0,0,0,0,0,0,0,1,0, 
542,2,0,0,0,0,0,0,0,0,1,0, 
543,2,0,0,0,0,0,0,0,0,1,0, 
544,2,0,0,0,0,0,0,0,0,1,0, 
545,2,0,0,0,0,0,0,0,0,1,0, 
546,2,0,0,0,0,0,0,0,0,1,0, 
547,2,0,0,0,0,0,0,0,0,1,0, 
548,2,0,0,0,0,0,0,0,0,1,0, 
549,2,0,0,0,0,0,0,0,0,1,0, 
550,2,0,0,0,0,0,0,0,0,1,0, 
551,2,0,0,0,0,0,0,0,0,1,0, 
552,2,0,0,0,0,0,0,0,0,1,0, 
553,2,0,0,0,0,0,0,0,0,1,0, 
554,2,0,0,0,0,0,0,0,0,1,0, 
555,2,0,0,0,0,0,0,0,0,1,0, 
556,2,0,0,0,0,0,0,0,0,1,0, 
557,2,0,0,0,0,0,0,0,0,1,0, 
558,2,0,0,0,0,0,0,0,0,1,0, 
559,2,0,0,0,0,0,0,0,0,1,0, 
560,3,0,0,0,0,0,0,0,0,1,1, 
561,3,0,0,0,0,0,0,0,0,1,1, 
562,3,0,0,0,0,0,0,0,0,1,1, 
563,3,0,0,0,0,0,0,0,0,1,1, 
564,3,0,0,0,0,0,0,0,0,1,1, 
565,3,0,0,0,0,0,0,0,0,1,1, 
566,3,0,0,0,0,0,0,0,0,1,1, 
567,3,0,0,0,0,0,0,0,0,1,1, 
568,3,0,0,0,0,0,0,0,0,1,1, 
569,3,0,0,0,0,0,0,0,0,1,1, 
570,4,0,0,0,0,0,0,0,1,0,0, 
571,4,0,0,0,0,0,0,0,1,0,0, 
572,4,0,0,0,0,0,0,0,1,0,0, 
573,4,0,0,0,0,0,0,0,1,0,0, 
574,4,0,0,0,0,0,0,0,1,0,0, 
575,4,0,0,0,0,0,0,0,1,0,0, 
576,4,0,0,0,0,0,0,0,1,0,0, 
577,4,0,0,0,0,0,0,0,1,0,0, 
578,4,0,0,0,0,0,0,0,1,0,0, 
579,4,0,0,0,0,0,0,0,1,0,0, 
580,4,0,0,0,0,0,0,0,1,0,0, 
581,4,0,0,0,0,0,0,0,1,0,0, 
582,4,0,0,0,0,0,0,0,1,0,0, 
583,4,0,0,0,0,0,0,0,1,0,0, 
584,5,0,0,0,0,0,0,0,1,0,1, 
585,5,0,0,0,0,0,0,0,1,0,1, 
586,5,0,0,0,0,0,0,0,1,0,1, 
587,5,0,0,0,0,0,0,0,1,0,1, 
588,5,0,0,0,0,0,0,0,1,0,1, 
589,5,0,0,0,0,0,0,0,1,0,1, 
590,5,0,0,0,0,0,0,0,1,0,1, 
591,5,0,0,0,0,0,0,0,1,0,1, 
592,5,0,0,0,0,0,0,0,1,0,1, 
593,5,0,0,0,0,0,0,0,1,0,1, 
594,6,0,0,0,0,0,0,0,1,1,0, 
595,6,0,0,0,0,0,0,0,1,1,0, 
596,6,0,0,0,0,0,0,0,1,1,0, 
597,6,0,0,0,0,0,0,0,1,1,0, 
598,6,0,0,0,0,0,0,0,1,1,0, 
599,6,0,0,0,0,0,0,0,1,1,0, 
600,6,0,0,0,0,0,0,0,1,1,0, 
601,6,0,0,0,0,0,0,0,1,1,0, 
602,6,0,0,0,0,0,0,0,1,1,0, 
603,6,0,0,0,0,0,0,0,1,1,0, 
604,7,0,0,0,0,0,0,0,1,1,1, 
605,7,0,0,0,0,0,0,0,1,1,1, 
606,7,0,0,0,0,0,0,0,1,1,1, 
607,7,0,0,0,0,0,0,0,1,1,1, 
608,7,0,0,0,0,0,0,0,1,1,1, 
609,7,0,0,0,0,0,0,0,1,1,1, 
610,7,0,0,0,0,0,0,0,1,1,1, 
611,7,0,0,0,0,0,0,0,1,1,1, 
612,7,0,0,0,0,0,0,0,1,1,1, 
613,7,0,0,0,0,0,0,0,1,1,1, 
614,8,0,0,0,0,0,0,1,0,0,0, 
615,8,0,0,0,0,0,0,1,0,0,0, 
616,8,0,0,0,0,0,0,1,0,0,0, 
617,8,0,0,0,0,0,0,1,0,0,0, 
618,8,0,0,0,0,0,0,1,0,0,0, 
619,8,0,0,0,0,0,0,1,0,0,0, 
620,8,0,0,0,0,0,0,1,0,0,0, 
621,8,0,0,0,0,0,0,1,0,0,0, 
622,8,0,0,0,0,0,0,1,0,0,0, 
623,9,0,0,0,0,0,0,1,0,0,1, 
624,9,0,0,0,0,0,0,1,0,0,1, 
625,9,0,0,0,0,0,0,1,0,0,1, 
626,9,0,0,0,0,0,0,1,0,0,1, 
627,9,0,0,0,0,0,0,1,0,0,1, 
628,9,0,0,0,0,0,0,1,0,0,1, 
629,9,0,0,0,0,0,0,1,0,0,1, 
630,9,0,0,0,0,0,0,1,0,0,1, 
631,9,0,0,0,0,0,0,1,0,0,1, 
632,9,0,0,0,0,0,0,1,0,0,1, 
633,10,0,0,0,0,0,0,1,0,1,0, 
634,10,0,0,0,0,0,0,1,0,1,0, 
635,10,0,0,0,0,0,0,1,0,1,0, 
636,10,0,0,0,0,0,0,1,0,1,0, 
637,10,0,0,0,0,0,0,1,0,1,0, 
638,11,0,0,0,0,0,0,1,0,1,1, 
639,11,0,0,0,0,0,0,1,0,1,1, 
640,11,0,0,0,0,0,0,1,0,1,1, 
641,11,0,0,0,0,0,0,1,0,1,1, 
642,11,0,0,0,0,0,0,1,0,1,1, 
643,11,0,0,0,0,0,0,1,0,1,1, 
644,11,0,0,0,0,0,0,1,0,1,1, 
645,11,0,0,0,0,0,0,1,0,1,1, 
646,11,0,0,0,0,0,0,1,0,1,1, 
647,11,0,0,0,0,0,0,1,0,1,1, 
648,12,0,0,0,0,0,0,1,1,0,0, 
649,12,0,0,0,0,0,0,1,1,0,0, 
650,12,0,0,0,0,0,0,1,1,0,0, 
651,12,0,0,0,0,0,0,1,1,0,0, 
652,12,0,0,0,0,0,0,1,1,0,0, 
653,12,0,0,0,0,0,0,1,1,0,0, 
654,12,0,0,0,0,0,0,1,1,0,0, 
655,12,0,0,0,0,0,0,1,1,0,0, 
656,12,0,0,0,0,0,0,1,1,0,0, 
657,12,0,0,0,0,0,0,1,1,0,0, 
658,13,0,0,0,0,0,0,1,1,0,1, 
659,13,0,0,0,0,0,0,1,1,0,1, 
660,13,0,0,0,0,0,0,1,1,0,1, 
661,13,0,0,0,0,0,0,1,1,0,1, 
662,14,0,0,0,0,0,0,1,1,1,0, 
663,14,0,0,0,0,0,0,1,1,1,0, 
664,14,0,0,0,0,0,0,1,1,1,0, 
665,14,0,0,0,0,0,0,1,1,1,0, 
666,14,0,0,0,0,0,0,1,1,1,0, 
667,15,0,0,0,0,0,0,1,1,1,1, 
668,15,0,0,0,0,0,0,1,1,1,1, 
669,15,0,0,0,0,0,0,1,1,1,1, 
670,15,0,0,0,0,0,0,1,1,1,1, 
671,15,0,0,0,0,0,0,1,1,1,1, 
672,15,0,0,0,0,0,0,1,1,1,1, 
673,15,0,0,0,0,0,0,1,1,1,1, 
674,15,0,0,0,0,0,0,1,1,1,1, 
675,15,0,0,0,0,0,0,1,1,1,1, 
676,15,0,0,0,0,0,0,1,1,1,1, 
677,16,0,0,0,0,0,1,0,0,0,0, 
678,16,0,0,0,0,0,1,0,0,0,0, 
679,16,0,0,0,0,0,1,0,0,0,0, 
680,16,0,0,0,0,0,1,0,0,0,0, 
681,16,0,0,0,0,0,1,0,0,0,0, 
682,17,0,0,0,0,0,1,0,0,0,1, 
683,17,0,0,0,0,0,1,0,0,0,1, 
684,17,0,0,0,0,0,1,0,0,0,1, 
685,17,0,0,0,0,0,1,0,0,0,1, 
686,17,0,0,0,0,0,1,0,0,0,1, 
687,18,0,0,0,0,0,1,0,0,1,0, 
688,18,0,0,0,0,0,1,0,0,1,0, 
689,18,0,0,0,0,0,1,0,0,1,0, 
690,18,0,0,0,0,0,1,0,0,1,0, 
691,18,0,0,0,0,0,1,0,0,1,0, 
692,19,0,0,0,0,0,1,0,0,1,1, 
693,19,0,0,0,0,0,1,0,0,1,1, 
694,19,0,0,0,0,0,1,0,0,1,1, 
695,19,0,0,0,0,0,1,0,0,1,1, 
696,19,0,0,0,0,0,1,0,0,1,1, 
697,19,0,0,0,0,0,1,0,0,1,1, 
698,19,0,0,0,0,0,1,0,0,1,1, 
699,19,0,0,0,0,0,1,0,0,1,1, 
700,19,0,0,0,0,0,1,0,0,1,1, 
701,20,0,0,0,0,0,1,0,1,0,0, 
702,20,0,0,0,0,0,1,0,1,0,0, 
703,20,0,0,0,0,0,1,0,1,0,0, 
704,20,0,0,0,0,0,1,0,1,0,0, 
705,20,0,0,0,0,0,1,0,1,0,0, 
706,21,0,0,0,0,0,1,0,1,0,1, 
707,21,0,0,0,0,0,1,0,1,0,1, 
708,21,0,0,0,0,0,1,0,1,0,1, 
709,21,0,0,0,0,0,1,0,1,0,1, 
710,21,0,0,0,0,0,1,0,1,0,1, 
711,22,0,0,0,0,0,1,0,1,1,0, 
712,22,0,0,0,0,0,1,0,1,1,0, 
713,22,0,0,0,0,0,1,0,1,1,0, 
714,22,0,0,0,0,0,1,0,1,1,0, 
715,22,0,0,0,0,0,1,0,1,1,0, 
716,23,0,0,0,0,0,1,0,1,1,1, 
717,23,0,0,0,0,0,1,0,1,1,1, 
718,23,0,0,0,0,0,1,0,1,1,1, 
719,23,0,0,0,0,0,1,0,1,1,1, 
720,23,0,0,0,0,0,1,0,1,1,1, 
721,24,0,0,0,0,0,1,1,0,0,0, 
722,24,0,0,0,0,0,1,1,0,0,0, 
723,24,0,0,0,0,0,1,1,0,0,0, 
724,24,0,0,0,0,0,1,1,0,0,0, 
725,24,0,0,0,0,0,1,1,0,0,0, 
726,25,0,0,0,0,0,1,1,0,0,1, 
727,25,0,0,0,0,0,1,1,0,0,1, 
728,25,0,0,0,0,0,1,1,0,0,1, 
729,25,0,0,0,0,0,1,1,0,0,1, 
730,25,0,0,0,0,0,1,1,0,0,1, 
731,26,0,0,0,0,0,1,1,0,1,0, 
732,26,0,0,0,0,0,1,1,0,1,0, 
733,26,0,0,0,0,0,1,1,0,1,0, 
734,26,0,0,0,0,0,1,1,0,1,0, 
735,26,0,0,0,0,0,1,1,0,1,0, 
736,27,0,0,0,0,0,1,1,0,1,1, 
737,27,0,0,0,0,0,1,1,0,1,1, 
738,27,0,0,0,0,0,1,1,0,1,1, 
739,27,0,0,0,0,0,1,1,0,1,1, 
740,27,0,0,0,0,0,1,1,0,1,1, 
741,28,0,0,0,0,0,1,1,1,0,0, 
742,28,0,0,0,0,0,1,1,1,0,0, 
743,28,0,0,0,0,0,1,1,1,0,0, 
744,28,0,0,0,0,0,1,1,1,0,0, 
745,29,0,0,0,0,0,1,1,1,0,1, 
746,29,0,0,0,0,0,1,1,1,0,1, 
747,29,0,0,0,0,0,1,1,1,0,1, 
748,29,0,0,0,0,0,1,1,1,0,1, 
749,29,0,0,0,0,0,1,1,1,0,1, 
750,30,0,0,0,0,0,1,1,1,1,0, 
751,30,0,0,0,0,0,1,1,1,1,0, 
752,30,0,0,0,0,0,1,1,1,1,0, 
753,30,0,0,0,0,0,1,1,1,1,0, 
754,30,0,0,0,0,0,1,1,1,1,0, 
755,31,0,0,0,0,0,1,1,1,1,1, 
756,31,0,0,0,0,0,1,1,1,1,1, 
757,31,0,0,0,0,0,1,1,1,1,1, 
758,31,0,0,0,0,0,1,1,1,1,1, 
759,31,0,0,0,0,0,1,1,1,1,1, 
760,32,0,0,0,0,1,0,0,0,0,0, 
761,32,0,0,0,0,1,0,0,0,0,0, 
762,32,0,0,0,0,1,0,0,0,0,0, 
763,32,0,0,0,0,1,0,0,0,0,0, 
764,32,0,0,0,0,1,0,0,0,0,0, 
765,33,0,0,0,0,1,0,0,0,0,1, 
766,33,0,0,0,0,1,0,0,0,0,1, 
767,33,0,0,0,0,1,0,0,0,0,1, 
768,33,0,0,0,0,1,0,0,0,0,1, 
769,33,0,0,0,0,1,0,0,0,0,1, 
770,34,0,0,0,0,1,0,0,0,1,0, 
771,34,0,0,0,0,1,0,0,0,1,0, 
772,34,0,0,0,0,1,0,0,0,1,0, 
773,34,0,0,0,0,1,0,0,0,1,0, 
774,34,0,0,0,0,1,0,0,0,1,0, 
775,35,0,0,0,0,1,0,0,0,1,1, 
776,35,0,0,0,0,1,0,0,0,1,1, 
777,35,0,0,0,0,1,0,0,0,1,1, 
778,35,0,0,0,0,1,0,0,0,1,1, 
779,35,0,0,0,0,1,0,0,0,1,1, 
780,37,0,0,0,0,1,0,0,1,0,1, 
781,37,0,0,0,0,1,0,0,1,0,1, 
782,37,0,0,0,0,1,0,0,1,0,1, 
783,37,0,0,0,0,1,0,0,1,0,1, 
784,38,0,0,0,0,1,0,0,1,1,0, 
785,38,0,0,0,0,1,0,0,1,1,0, 
786,38,0,0,0,0,1,0,0,1,1,0, 
787,38,0,0,0,0,1,0,0,1,1,0, 
788,38,0,0,0,0,1,0,0,1,1,0, 
789,39,0,0,0,0,1,0,0,1,1,1, 
790,39,0,0,0,0,1,0,0,1,1,1, 
791,39,0,0,0,0,1,0,0,1,1,1, 
792,39,0,0,0,0,1,0,0,1,1,1, 
793,39,0,0,0,0,1,0,0,1,1,1, 
794,40,0,0,0,0,1,0,1,0,0,0, 
795,40,0,0,0,0,1,0,1,0,0,0, 
796,40,0,0,0,0,1,0,1,0,0,0, 
797,40,0,0,0,0,1,0,1,0,0,0, 
798,40,0,0,0,0,1,0,1,0,0,0, 
799,41,0,0,0,0,1,0,1,0,0,1, 
800,41,0,0,0,0,1,0,1,0,0,1, 
801,41,0,0,0,0,1,0,1,0,0,1, 
802,41,0,0,0,0,1,0,1,0,0,1, 
803,41,0,0,0,0,1,0,1,0,0,1, 
804,43,0,0,0,0,1,0,1,0,1,1, 
805,43,0,0,0,0,1,0,1,0,1,1, 
806,43,0,0,0,0,1,0,1,0,1,1, 
807,43,0,0,0,0,1,0,1,0,1,1, 
808,43,0,0,0,0,1,0,1,0,1,1, 
809,44,0,0,0,0,1,0,1,1,0,0, 
810,44,0,0,0,0,1,0,1,1,0,0, 
811,44,0,0,0,0,1,0,1,1,0,0, 
812,44,0,0,0,0,1,0,1,1,0,0, 
813,44,0,0,0,0,1,0,1,1,0,0, 
814,45,0,0,0,0,1,0,1,1,0,1, 
815,45,0,0,0,0,1,0,1,1,0,1, 
816,45,0,0,0,0,1,0,1,1,0,1, 
817,45,0,0,0,0,1,0,1,1,0,1, 
818,45,0,0,0,0,1,0,1,1,0,1, 
819,47,0,0,0,0,1,0,1,1,1,1, 
820,47,0,0,0,0,1,0,1,1,1,1, 
821,47,0,0,0,0,1,0,1,1,1,1, 
822,47,0,0,0,0,1,0,1,1,1,1, 
823,47,0,0,0,0,1,0,1,1,1,1, 
824,48,0,0,0,0,1,1,0,0,0,0, 
825,48,0,0,0,0,1,1,0,0,0,0, 
826,48,0,0,0,0,1,1,0,0,0,0, 
827,48,0,0,0,0,1,1,0,0,0,0, 
828,49,0,0,0,0,1,1,0,0,0,1, 
829,49,0,0,0,0,1,1,0,0,0,1, 
830,49,0,0,0,0,1,1,0,0,0,1, 
831,49,0,0,0,0,1,1,0,0,0,1, 
832,49,0,0,0,0,1,1,0,0,0,1, 
833,51,0,0,0,0,1,1,0,0,1,1, 
834,51,0,0,0,0,1,1,0,0,1,1, 
835,51,0,0,0,0,1,1,0,0,1,1, 
836,51,0,0,0,0,1,1,0,0,1,1, 
837,51,0,0,0,0,1,1,0,0,1,1, 
838,52,0,0,0,0,1,1,0,1,0,0, 
839,52,0,0,0,0,1,1,0,1,0,0, 
840,52,0,0,0,0,1,1,0,1,0,0, 
841,52,0,0,0,0,1,1,0,1,0,0, 
842,52,0,0,0,0,1,1,0,1,0,0, 
843,53,0,0,0,0,1,1,0,1,0,1, 
844,53,0,0,0,0,1,1,0,1,0,1, 
845,53,0,0,0,0,1,1,0,1,0,1, 
846,53,0,0,0,0,1,1,0,1,0,1, 
847,53,0,0,0,0,1,1,0,1,0,1, 
848,55,0,0,0,0,1,1,0,1,1,1, 
849,55,0,0,0,0,1,1,0,1,1,1, 
850,55,0,0,0,0,1,1,0,1,1,1, 
851,55,0,0,0,0,1,1,0,1,1,1, 
852,55,0,0,0,0,1,1,0,1,1,1, 
853,56,0,0,0,0,1,1,1,0,0,0, 
854,56,0,0,0,0,1,1,1,0,0,0, 
855,56,0,0,0,0,1,1,1,0,0,0, 
856,56,0,0,0,0,1,1,1,0,0,0, 
857,56,0,0,0,0,1,1,1,0,0,0, 
858,58,0,0,0,0,1,1,1,0,1,0, 
859,58,0,0,0,0,1,1,1,0,1,0, 
860,58,0,0,0,0,1,1,1,0,1,0, 
861,58,0,0,0,0,1,1,1,0,1,0, 
862,58,0,0,0,0,1,1,1,0,1,0, 
863,59,0,0,0,0,1,1,1,0,1,1, 
864,59,0,0,0,0,1,1,1,0,1,1, 
865,59,0,0,0,0,1,1,1,0,1,1, 
866,59,0,0,0,0,1,1,1,0,1,1, 
867,60,0,0,0,0,1,1,1,1,0,0, 
868,60,0,0,0,0,1,1,1,1,0,0, 
869,60,0,0,0,0,1,1,1,1,0,0, 
870,60,0,0,0,0,1,1,1,1,0,0, 
871,60,0,0,0,0,1,1,1,1,0,0, 
872,62,0,0,0,0,1,1,1,1,1,0, 
873,62,0,0,0,0,1,1,1,1,1,0, 
874,62,0,0,0,0,1,1,1,1,1,0, 
875,62,0,0,0,0,1,1,1,1,1,0, 
876,62,0,0,0,0,1,1,1,1,1,0, 
877,63,0,0,0,0,1,1,1,1,1,1, 
878,63,0,0,0,0,1,1,1,1,1,1, 
879,63,0,0,0,0,1,1,1,1,1,1, 
880,63,0,0,0,0,1,1,1,1,1,1, 
881,63,0,0,0,0,1,1,1,1,1,1, 
882,65,0,0,0,1,0,0,0,0,0,1, 
883,65,0,0,0,1,0,0,0,0,0,1, 
884,65,0,0,0,1,0,0,0,0,0,1, 
885,65,0,0,0,1,0,0,0,0,0,1, 
886,65,0,0,0,1,0,0,0,0,0,1, 
887,67,0,0,0,1,0,0,0,0,1,1, 
888,67,0,0,0,1,0,0,0,0,1,1, 
889,67,0,0,0,1,0,0,0,0,1,1, 
890,67,0,0,0,1,0,0,0,0,1,1, 
891,67,0,0,0,1,0,0,0,0,1,1, 
892,68,0,0,0,1,0,0,0,1,0,0, 
893,68,0,0,0,1,0,0,0,1,0,0, 
894,68,0,0,0,1,0,0,0,1,0,0, 
895,68,0,0,0,1,0,0,0,1,0,0, 
896,68,0,0,0,1,0,0,0,1,0,0, 
897,70,0,0,0,1,0,0,0,1,1,0, 
898,70,0,0,0,1,0,0,0,1,1,0, 
899,70,0,0,0,1,0,0,0,1,1,0, 
900,70,0,0,0,1,0,0,0,1,1,0, 
901,70,0,0,0,1,0,0,0,1,1,0, 
902,71,0,0,0,1,0,0,0,1,1,1, 
903,71,0,0,0,1,0,0,0,1,1,1, 
904,71,0,0,0,1,0,0,0,1,1,1, 
905,71,0,0,0,1,0,0,0,1,1,1, 
906,71,0,0,0,1,0,0,0,1,1,1, 
907,73,0,0,0,1,0,0,1,0,0,1, 
908,73,0,0,0,1,0,0,1,0,0,1, 
909,73,0,0,0,1,0,0,1,0,0,1, 
910,73,0,0,0,1,0,0,1,0,0,1, 
911,74,0,0,0,1,0,0,1,0,1,0, 
912,74,0,0,0,1,0,0,1,0,1,0, 
913,74,0,0,0,1,0,0,1,0,1,0, 
914,74,0,0,0,1,0,0,1,0,1,0, 
915,74,0,0,0,1,0,0,1,0,1,0, 
916,76,0,0,0,1,0,0,1,1,0,0, 
917,76,0,0,0,1,0,0,1,1,0,0, 
918,76,0,0,0,1,0,0,1,1,0,0, 
919,76,0,0,0,1,0,0,1,1,0,0, 
920,76,0,0,0,1,0,0,1,1,0,0, 
921,78,0,0,0,1,0,0,1,1,1,0, 
922,78,0,0,0,1,0,0,1,1,1,0, 
923,78,0,0,0,1,0,0,1,1,1,0, 
924,78,0,0,0,1,0,0,1,1,1,0, 
925,78,0,0,0,1,0,0,1,1,1,0, 
926,79,0,0,0,1,0,0,1,1,1,1, 
927,79,0,0,0,1,0,0,1,1,1,1, 
928,79,0,0,0,1,0,0,1,1,1,1, 
929,79,0,0,0,1,0,0,1,1,1,1, 
930,79,0,0,0,1,0,0,1,1,1,1, 
931,81,0,0,0,1,0,1,0,0,0,1, 
932,81,0,0,0,1,0,1,0,0,0,1, 
933,81,0,0,0,1,0,1,0,0,0,1, 
934,81,0,0,0,1,0,1,0,0,0,1, 
935,81,0,0,0,1,0,1,0,0,0,1, 
936,83,0,0,0,1,0,1,0,0,1,1, 
937,83,0,0,0,1,0,1,0,0,1,1, 
938,83,0,0,0,1,0,1,0,0,1,1, 
939,83,0,0,0,1,0,1,0,0,1,1, 
940,83,0,0,0,1,0,1,0,0,1,1, 
941,85,0,0,0,1,0,1,0,1,0,1, 
942,85,0,0,0,1,0,1,0,1,0,1, 
943,85,0,0,0,1,0,1,0,1,0,1, 
944,85,0,0,0,1,0,1,0,1,0,1, 
945,85,0,0,0,1,0,1,0,1,0,1, 
946,86,0,0,0,1,0,1,0,1,1,0, 
947,86,0,0,0,1,0,1,0,1,1,0, 
948,86,0,0,0,1,0,1,0,1,1,0, 
949,86,0,0,0,1,0,1,0,1,1,0, 
950,86,0,0,0,1,0,1,0,1,1,0, 
951,88,0,0,0,1,0,1,1,0,0,0, 
952,88,0,0,0,1,0,1,1,0,0,0, 
953,88,0,0,0,1,0,1,1,0,0,0, 
954,88,0,0,0,1,0,1,1,0,0,0, 
955,90,0,0,0,1,0,1,1,0,1,0, 
956,90,0,0,0,1,0,1,1,0,1,0, 
957,90,0,0,0,1,0,1,1,0,1,0, 
958,90,0,0,0,1,0,1,1,0,1,0, 
959,90,0,0,0,1,0,1,1,0,1,0, 
960,92,0,0,0,1,0,1,1,1,0,0, 
961,92,0,0,0,1,0,1,1,1,0,0, 
962,92,0,0,0,1,0,1,1,1,0,0, 
963,92,0,0,0,1,0,1,1,1,0,0, 
964,92,0,0,0,1,0,1,1,1,0,0, 
965,93,0,0,0,1,0,1,1,1,0,1, 
966,93,0,0,0,1,0,1,1,1,0,1, 
967,93,0,0,0,1,0,1,1,1,0,1, 
968,93,0,0,0,1,0,1,1,1,0,1, 
969,93,0,0,0,1,0,1,1,1,0,1, 
970,95,0,0,0,1,0,1,1,1,1,1, 
971,95,0,0,0,1,0,1,1,1,1,1, 
972,95,0,0,0,1,0,1,1,1,1,1, 
973,95,0,0,0,1,0,1,1,1,1,1, 
974,95,0,0,0,1,0,1,1,1,1,1, 
975,97,0,0,0,1,1,0,0,0,0,1, 
976,97,0,0,0,1,1,0,0,0,0,1, 
977,97,0,0,0,1,1,0,0,0,0,1, 
978,97,0,0,0,1,1,0,0,0,0,1, 
979,97,0,0,0,1,1,0,0,0,0,1, 
980,99,0,0,0,1,1,0,0,0,1,1, 
981,99,0,0,0,1,1,0,0,0,1,1, 
982,99,0,0,0,1,1,0,0,0,1,1, 
983,99,0,0,0,1,1,0,0,0,1,1, 
984,99,0,0,0,1,1,0,0,0,1,1, 
985,101,0,0,0,1,1,0,0,1,0,1, 
986,101,0,0,0,1,1,0,0,1,0,1, 
987,101,0,0,0,1,1,0,0,1,0,1, 
988,101,0,0,0,1,1,0,0,1,0,1, 
989,101,0,0,0,1,1,0,0,1,0,1, 
990,103,0,0,0,1,1,0,0,1,1,1, 
991,103,0,0,0,1,1,0,0,1,1,1, 
992,103,0,0,0,1,1,0,0,1,1,1, 
993,103,0,0,0,1,1,0,0,1,1,1, 
994,104,0,0,0,1,1,0,1,0,0,0, 
995,104,0,0,0,1,1,0,1,0,0,0, 
996,104,0,0,0,1,1,0,1,0,0,0, 
997,104,0,0,0,1,1,0,1,0,0,0, 
998,104,0,0,0,1,1,0,1,0,0,0, 
999,106,0,0,0,1,1,0,1,0,1,0, 
1000,106,0,0,0,1,1,0,1,0,1,0, 
1001,106,0,0,0,1,1,0,1,0,1,0, 
1002,106,0,0,0,1,1,0,1,0,1,0, 
1003,106,0,0,0,1,1,0,1,0,1,0, 
1004,108,0,0,0,1,1,0,1,1,0,0, 
1005,108,0,0,0,1,1,0,1,1,0,0, 
1006,108,0,0,0,1,1,0,1,1,0,0, 
1007,108,0,0,0,1,1,0,1,1,0,0, 
1008,108,0,0,0,1,1,0,1,1,0,0, 
1009,110,0,0,0,1,1,0,1,1,1,0, 
1010,110,0,0,0,1,1,0,1,1,1,0, 
1011,110,0,0,0,1,1,0,1,1,1,0, 
1012,110,0,0,0,1,1,0,1,1,1,0, 
1013,110,0,0,0,1,1,0,1,1,1,0, 
1014,112,0,0,0,1,1,1,0,0,0,0, 
1015,112,0,0,0,1,1,1,0,0,0,0, 
1016,112,0,0,0,1,1,1,0,0,0,0, 
1017,112,0,0,0,1,1,1,0,0,0,0, 
1018,112,0,0,0,1,1,1,0,0,0,0, 
1019,114,0,0,0,1,1,1,0,0,1,0, 
1020,114,0,0,0,1,1,1,0,0,1,0, 
1021,114,0,0,0,1,1,1,0,0,1,0, 
1022,114,0,0,0,1,1,1,0,0,1,0, 
1023,114,0,0,0,1,1,1,0,0,1,0, 
1024,116,0,0,0,1,1,1,0,1,0,0, 
1025,116,0,0,0,1,1,1,0,1,0,0, 
1026,116,0,0,0,1,1,1,0,1,0,0, 
1027,116,0,0,0,1,1,1,0,1,0,0, 
1028,116,0,0,0,1,1,1,0,1,0,0, 
1029,118,0,0,0,1,1,1,0,1,1,0, 
1030,118,0,0,0,1,1,1,0,1,1,0, 
1031,118,0,0,0,1,1,1,0,1,1,0, 
1032,118,0,0,0,1,1,1,0,1,1,0, 
1033,118,0,0,0,1,1,1,0,1,1,0, 
1034,120,0,0,0,1,1,1,1,0,0,0, 
1035,120,0,0,0,1,1,1,1,0,0,0, 
1036,120,0,0,0,1,1,1,1,0,0,0, 
1037,120,0,0,0,1,1,1,1,0,0,0, 
1038,122,0,0,0,1,1,1,1,0,1,0, 
1039,122,0,0,0,1,1,1,1,0,1,0, 
1040,122,0,0,0,1,1,1,1,0,1,0, 
1041,122,0,0,0,1,1,1,1,0,1,0, 
1042,122,0,0,0,1,1,1,1,0,1,0, 
1043,124,0,0,0,1,1,1,1,1,0,0, 
1044,124,0,0,0,1,1,1,1,1,0,0, 
1045,124,0,0,0,1,1,1,1,1,0,0, 
1046,124,0,0,0,1,1,1,1,1,0,0, 
1047,124,0,0,0,1,1,1,1,1,0,0, 
1048,126,0,0,0,1,1,1,1,1,1,0, 
1049,126,0,0,0,1,1,1,1,1,1,0, 
1050,126,0,0,0,1,1,1,1,1,1,0, 
1051,126,0,0,0,1,1,1,1,1,1,0, 
1052,126,0,0,0,1,1,1,1,1,1,0, 
1053,128,0,0,1,0,0,0,0,0,0,0, 
1054,128,0,0,1,0,0,0,0,0,0,0, 
1055,128,0,0,1,0,0,0,0,0,0,0, 
1056,128,0,0,1,0,0,0,0,0,0,0, 
1057,128,0,0,1,0,0,0,0,0,0,0, 
1058,130,0,0,1,0,0,0,0,0,1,0, 
1059,130,0,0,1,0,0,0,0,0,1,0, 
1060,130,0,0,1,0,0,0,0,0,1,0, 
1061,130,0,0,1,0,0,0,0,0,1,0, 
1062,130,0,0,1,0,0,0,0,0,1,0, 
1063,133,0,0,1,0,0,0,0,1,0,1, 
1064,133,0,0,1,0,0,0,0,1,0,1, 
1065,133,0,0,1,0,0,0,0,1,0,1, 
1066,133,0,0,1,0,0,0,0,1,0,1, 
1067,133,0,0,1,0,0,0,0,1,0,1, 
1068,135,0,0,1,0,0,0,0,1,1,1, 
1069,135,0,0,1,0,0,0,0,1,1,1, 
1070,135,0,0,1,0,0,0,0,1,1,1, 
1071,135,0,0,1,0,0,0,0,1,1,1, 
1072,135,0,0,1,0,0,0,0,1,1,1, 
1073,137,0,0,1,0,0,0,1,0,0,1, 
1074,137,0,0,1,0,0,0,1,0,0,1, 
1075,137,0,0,1,0,0,0,1,0,0,1, 
1076,137,0,0,1,0,0,0,1,0,0,1, 
1077,139,0,0,1,0,0,0,1,0,1,1, 
1078,139,0,0,1,0,0,0,1,0,1,1, 
1079,139,0,0,1,0,0,0,1,0,1,1, 
1080,139,0,0,1,0,0,0,1,0,1,1, 
1081,139,0,0,1,0,0,0,1,0,1,1, 
1082,141,0,0,1,0,0,0,1,1,0,1, 
1083,141,0,0,1,0,0,0,1,1,0,1, 
1084,141,0,0,1,0,0,0,1,1,0,1, 
1085,141,0,0,1,0,0,0,1,1,0,1, 
1086,141,0,0,1,0,0,0,1,1,0,1, 
1087,143,0,0,1,0,0,0,1,1,1,1, 
1088,143,0,0,1,0,0,0,1,1,1,1, 
1089,143,0,0,1,0,0,0,1,1,1,1, 
1090,143,0,0,1,0,0,0,1,1,1,1, 
1091,143,0,0,1,0,0,0,1,1,1,1, 
1092,145,0,0,1,0,0,1,0,0,0,1, 
1093,145,0,0,1,0,0,1,0,0,0,1, 
1094,145,0,0,1,0,0,1,0,0,0,1, 
1095,145,0,0,1,0,0,1,0,0,0,1, 
1096,145,0,0,1,0,0,1,0,0,0,1, 
1097,148,0,0,1,0,0,1,0,1,0,0, 
1098,148,0,0,1,0,0,1,0,1,0,0, 
1099,148,0,0,1,0,0,1,0,1,0,0, 
1100,148,0,0,1,0,0,1,0,1,0,0, 
1101,148,0,0,1,0,0,1,0,1,0,0, 
1102,150,0,0,1,0,0,1,0,1,1,0, 
1103,150,0,0,1,0,0,1,0,1,1,0, 
1104,150,0,0,1,0,0,1,0,1,1,0, 
1105,150,0,0,1,0,0,1,0,1,1,0, 
1106,150,0,0,1,0,0,1,0,1,1,0, 
1107,152,0,0,1,0,0,1,1,0,0,0, 
1108,152,0,0,1,0,0,1,1,0,0,0, 
1109,152,0,0,1,0,0,1,1,0,0,0, 
1110,152,0,0,1,0,0,1,1,0,0,0, 
1111,152,0,0,1,0,0,1,1,0,0,0, 
1112,154,0,0,1,0,0,1,1,0,1,0, 
1113,154,0,0,1,0,0,1,1,0,1,0, 
1114,154,0,0,1,0,0,1,1,0,1,0, 
1115,154,0,0,1,0,0,1,1,0,1,0, 
1116,154,0,0,1,0,0,1,1,0,1,0, 
1117,157,0,0,1,0,0,1,1,1,0,1, 
1118,157,0,0,1,0,0,1,1,1,0,1, 
1119,157,0,0,1,0,0,1,1,1,0,1, 
1120,157,0,0,1,0,0,1,1,1,0,1, 
1121,159,0,0,1,0,0,1,1,1,1,1, 
1122,159,0,0,1,0,0,1,1,1,1,1, 
1123,159,0,0,1,0,0,1,1,1,1,1, 
1124,159,0,0,1,0,0,1,1,1,1,1, 
1125,159,0,0,1,0,0,1,1,1,1,1, 
1126,161,0,0,1,0,1,0,0,0,0,1, 
1127,161,0,0,1,0,1,0,0,0,0,1, 
1128,161,0,0,1,0,1,0,0,0,0,1, 
1129,161,0,0,1,0,1,0,0,0,0,1, 
1130,161,0,0,1,0,1,0,0,0,0,1, 
1131,163,0,0,1,0,1,0,0,0,1,1, 
1132,163,0,0,1,0,1,0,0,0,1,1, 
1133,163,0,0,1,0,1,0,0,0,1,1, 
1134,163,0,0,1,0,1,0,0,0,1,1, 
1135,163,0,0,1,0,1,0,0,0,1,1, 
1136,166,0,0,1,0,1,0,0,1,1,0, 
1137,166,0,0,1,0,1,0,0,1,1,0, 
1138,166,0,0,1,0,1,0,0,1,1,0, 
1139,166,0,0,1,0,1,0,0,1,1,0, 
1140,166,0,0,1,0,1,0,0,1,1,0, 
1141,168,0,0,1,0,1,0,1,0,0,0, 
1142,168,0,0,1,0,1,0,1,0,0,0, 
1143,168,0,0,1,0,1,0,1,0,0,0, 
1144,168,0,0,1,0,1,0,1,0,0,0, 
1145,168,0,0,1,0,1,0,1,0,0,0, 
1146,170,0,0,1,0,1,0,1,0,1,0, 
1147,170,0,0,1,0,1,0,1,0,1,0, 
1148,170,0,0,1,0,1,0,1,0,1,0, 
1149,170,0,0,1,0,1,0,1,0,1,0, 
1150,170,0,0,1,0,1,0,1,0,1,0, 
1151,173,0,0,1,0,1,0,1,1,0,1, 
1152,173,0,0,1,0,1,0,1,1,0,1, 
1153,173,0,0,1,0,1,0,1,1,0,1, 
1154,173,0,0,1,0,1,0,1,1,0,1, 
1155,173,0,0,1,0,1,0,1,1,0,1, 
1156,175,0,0,1,0,1,0,1,1,1,1, 
1157,175,0,0,1,0,1,0,1,1,1,1, 
1158,175,0,0,1,0,1,0,1,1,1,1, 
1159,175,0,0,1,0,1,0,1,1,1,1, 
1160,177,0,0,1,0,1,1,0,0,0,1, 
1161,177,0,0,1,0,1,1,0,0,0,1, 
1162,177,0,0,1,0,1,1,0,0,0,1, 
1163,177,0,0,1,0,1,1,0,0,0,1, 
1164,177,0,0,1,0,1,1,0,0,0,1, 
1165,180,0,0,1,0,1,1,0,1,0,0, 
1166,180,0,0,1,0,1,1,0,1,0,0, 
1167,180,0,0,1,0,1,1,0,1,0,0, 
1168,180,0,0,1,0,1,1,0,1,0,0, 
1169,180,0,0,1,0,1,1,0,1,0,0, 
1170,182,0,0,1,0,1,1,0,1,1,0, 
1171,182,0,0,1,0,1,1,0,1,1,0, 
1172,182,0,0,1,0,1,1,0,1,1,0, 
1173,182,0,0,1,0,1,1,0,1,1,0, 
1174,182,0,0,1,0,1,1,0,1,1,0, 
1175,185,0,0,1,0,1,1,1,0,0,1, 
1176,185,0,0,1,0,1,1,1,0,0,1, 
1177,185,0,0,1,0,1,1,1,0,0,1, 
1178,185,0,0,1,0,1,1,1,0,0,1, 
1179,185,0,0,1,0,1,1,1,0,0,1, 
1180,187,0,0,1,0,1,1,1,0,1,1, 
1181,187,0,0,1,0,1,1,1,0,1,1, 
1182,187,0,0,1,0,1,1,1,0,1,1, 
1183,187,0,0,1,0,1,1,1,0,1,1, 
1184,187,0,0,1,0,1,1,1,0,1,1, 
1185,189,0,0,1,0,1,1,1,1,0,1, 
1186,189,0,0,1,0,1,1,1,1,0,1, 
1187,189,0,0,1,0,1,1,1,1,0,1, 
1188,189,0,0,1,0,1,1,1,1,0,1, 
1189,189,0,0,1,0,1,1,1,1,0,1, 
1190,192,0,0,1,1,0,0,0,0,0,0, 
1191,192,0,0,1,1,0,0,0,0,0,0, 
1192,192,0,0,1,1,0,0,0,0,0,0, 
1193,192,0,0,1,1,0,0,0,0,0,0, 
1194,192,0,0,1,1,0,0,0,0,0,0, 
1195,194,0,0,1,1,0,0,0,0,1,0, 
1196,194,0,0,1,1,0,0,0,0,1,0, 
1197,194,0,0,1,1,0,0,0,0,1,0, 
1198,194,0,0,1,1,0,0,0,0,1,0, 
1199,194,0,0,1,1,0,0,0,0,1,0, 
1200,197,0,0,1,1,0,0,0,1,0,1, 
1201,197,0,0,1,1,0,0,0,1,0,1, 
1202,197,0,0,1,1,0,0,0,1,0,1, 
1203,197,0,0,1,1,0,0,0,1,0,1, 
1204,199,0,0,1,1,0,0,0,1,1,1, 
1205,199,0,0,1,1,0,0,0,1,1,1, 
1206,199,0,0,1,1,0,0,0,1,1,1, 
1207,199,0,0,1,1,0,0,0,1,1,1, 
1208,199,0,0,1,1,0,0,0,1,1,1, 
1209,202,0,0,1,1,0,0,1,0,1,0, 
1210,202,0,0,1,1,0,0,1,0,1,0, 
1211,202,0,0,1,1,0,0,1,0,1,0, 
1212,202,0,0,1,1,0,0,1,0,1,0, 
1213,202,0,0,1,1,0,0,1,0,1,0, 
1214,204,0,0,1,1,0,0,1,1,0,0, 
1215,204,0,0,1,1,0,0,1,1,0,0, 
1216,204,0,0,1,1,0,0,1,1,0,0, 
1217,204,0,0,1,1,0,0,1,1,0,0, 
1218,204,0,0,1,1,0,0,1,1,0,0, 
1219,207,0,0,1,1,0,0,1,1,1,1, 
1220,207,0,0,1,1,0,0,1,1,1,1, 
1221,207,0,0,1,1,0,0,1,1,1,1, 
1222,207,0,0,1,1,0,0,1,1,1,1, 
1223,207,0,0,1,1,0,0,1,1,1,1, 
1224,209,0,0,1,1,0,1,0,0,0,1, 
1225,209,0,0,1,1,0,1,0,0,0,1, 
1226,209,0,0,1,1,0,1,0,0,0,1, 
1227,209,0,0,1,1,0,1,0,0,0,1, 
1228,209,0,0,1,1,0,1,0,0,0,1, 
1229,212,0,0,1,1,0,1,0,1,0,0, 
1230,212,0,0,1,1,0,1,0,1,0,0, 
1231,212,0,0,1,1,0,1,0,1,0,0, 
1232,212,0,0,1,1,0,1,0,1,0,0, 
1233,212,0,0,1,1,0,1,0,1,0,0, 
1234,214,0,0,1,1,0,1,0,1,1,0, 
1235,214,0,0,1,1,0,1,0,1,1,0, 
1236,214,0,0,1,1,0,1,0,1,1,0, 
1237,214,0,0,1,1,0,1,0,1,1,0, 
1238,214,0,0,1,1,0,1,0,1,1,0, 
1239,217,0,0,1,1,0,1,1,0,0,1, 
1240,217,0,0,1,1,0,1,1,0,0,1, 
1241,217,0,0,1,1,0,1,1,0,0,1, 
1242,217,0,0,1,1,0,1,1,0,0,1, 
1243,219,0,0,1,1,0,1,1,0,1,1, 
1244,219,0,0,1,1,0,1,1,0,1,1, 
1245,219,0,0,1,1,0,1,1,0,1,1, 
1246,219,0,0,1,1,0,1,1,0,1,1, 
1247,219,0,0,1,1,0,1,1,0,1,1, 
1248,222,0,0,1,1,0,1,1,1,1,0, 
1249,222,0,0,1,1,0,1,1,1,1,0, 
1250,222,0,0,1,1,0,1,1,1,1,0, 
1251,222,0,0,1,1,0,1,1,1,1,0, 
1252,222,0,0,1,1,0,1,1,1,1,0, 
1253,225,0,0,1,1,1,0,0,0,0,1, 
1254,225,0,0,1,1,1,0,0,0,0,1, 
1255,225,0,0,1,1,1,0,0,0,0,1, 
1256,225,0,0,1,1,1,0,0,0,0,1, 
1257,225,0,0,1,1,1,0,0,0,0,1, 
1258,227,0,0,1,1,1,0,0,0,1,1, 
1259,227,0,0,1,1,1,0,0,0,1,1, 
1260,227,0,0,1,1,1,0,0,0,1,1, 
1261,227,0,0,1,1,1,0,0,0,1,1, 
1262,227,0,0,1,1,1,0,0,0,1,1, 
1263,230,0,0,1,1,1,0,0,1,1,0, 
1264,230,0,0,1,1,1,0,0,1,1,0, 
1265,230,0,0,1,1,1,0,0,1,1,0, 
1266,230,0,0,1,1,1,0,0,1,1,0, 
1267,230,0,0,1,1,1,0,0,1,1,0, 
1268,232,0,0,1,1,1,0,1,0,0,0, 
1269,232,0,0,1,1,1,0,1,0,0,0, 
1270,232,0,0,1,1,1,0,1,0,0,0, 
1271,232,0,0,1,1,1,0,1,0,0,0, 
1272,232,0,0,1,1,1,0,1,0,0,0, 
1273,235,0,0,1,1,1,0,1,0,1,1, 
1274,235,0,0,1,1,1,0,1,0,1,1, 
1275,235,0,0,1,1,1,0,1,0,1,1, 
1276,235,0,0,1,1,1,0,1,0,1,1, 
1277,235,0,0,1,1,1,0,1,0,1,1, 
1278,238,0,0,1,1,1,0,1,1,1,0, 
1279,238,0,0,1,1,1,0,1,1,1,0, 
1280,238,0,0,1,1,1,0,1,1,1,0, 
1281,238,0,0,1,1,1,0,1,1,1,0, 
1282,238,0,0,1,1,1,0,1,1,1,0, 
1283,240,0,0,1,1,1,1,0,0,0,0, 
1284,240,0,0,1,1,1,1,0,0,0,0, 
1285,240,0,0,1,1,1,1,0,0,0,0, 
1286,240,0,0,1,1,1,1,0,0,0,0, 
1287,243,0,0,1,1,1,1,0,0,1,1, 
1288,243,0,0,1,1,1,1,0,0,1,1, 
1289,243,0,0,1,1,1,1,0,0,1,1, 
1290,243,0,0,1,1,1,1,0,0,1,1, 
1291,243,0,0,1,1,1,1,0,0,1,1, 
1292,246,0,0,1,1,1,1,0,1,1,0, 
1293,246,0,0,1,1,1,1,0,1,1,0, 
1294,246,0,0,1,1,1,1,0,1,1,0, 
1295,246,0,0,1,1,1,1,0,1,1,0, 
1296,246,0,0,1,1,1,1,0,1,1,0, 
1297,248,0,0,1,1,1,1,1,0,0,0, 
1298,248,0,0,1,1,1,1,1,0,0,0, 
1299,248,0,0,1,1,1,1,1,0,0,0, 
1300,248,0,0,1,1,1,1,1,0,0,0, 
1301,248,0,0,1,1,1,1,1,0,0,0, 
1302,251,0,0,1,1,1,1,1,0,1,1, 
1303,251,0,0,1,1,1,1,1,0,1,1, 
1304,251,0,0,1,1,1,1,1,0,1,1, 
1305,251,0,0,1,1,1,1,1,0,1,1, 
1306,251,0,0,1,1,1,1,1,0,1,1, 
1307,254,0,0,1,1,1,1,1,1,1,0, 
1308,254,0,0,1,1,1,1,1,1,1,0, 
1309,254,0,0,1,1,1,1,1,1,1,0, 
1310,254,0,0,1,1,1,1,1,1,1,0, 
1311,254,0,0,1,1,1,1,1,1,1,0, 
1312,257,0,1,0,0,0,0,0,0,0,1, 
1313,257,0,1,0,0,0,0,0,0,0,1, 
1314,257,0,1,0,0,0,0,0,0,0,1, 
1315,257,0,1,0,0,0,0,0,0,0,1, 
1316,257,0,1,0,0,0,0,0,0,0,1, 
1317,259,0,1,0,0,0,0,0,0,1,1, 
1318,259,0,1,0,0,0,0,0,0,1,1, 
1319,259,0,1,0,0,0,0,0,0,1,1, 
1320,259,0,1,0,0,0,0,0,0,1,1, 
1321,259,0,1,0,0,0,0,0,0,1,1, 
1322,262,0,1,0,0,0,0,0,1,1,0, 
1323,262,0,1,0,0,0,0,0,1,1,0, 
1324,262,0,1,0,0,0,0,0,1,1,0, 
1325,262,0,1,0,0,0,0,0,1,1,0, 
1326,265,0,1,0,0,0,0,1,0,0,1, 
1327,265,0,1,0,0,0,0,1,0,0,1, 
1328,265,0,1,0,0,0,0,1,0,0,1, 
1329,265,0,1,0,0,0,0,1,0,0,1, 
1330,265,0,1,0,0,0,0,1,0,0,1, 
1331,267,0,1,0,0,0,0,1,0,1,1, 
1332,267,0,1,0,0,0,0,1,0,1,1, 
1333,267,0,1,0,0,0,0,1,0,1,1, 
1334,267,0,1,0,0,0,0,1,0,1,1, 
1335,267,0,1,0,0,0,0,1,0,1,1, 
1336,270,0,1,0,0,0,0,1,1,1,0, 
1337,270,0,1,0,0,0,0,1,1,1,0, 
1338,270,0,1,0,0,0,0,1,1,1,0, 
1339,270,0,1,0,0,0,0,1,1,1,0, 
1340,270,0,1,0,0,0,0,1,1,1,0, 
1341,273,0,1,0,0,0,1,0,0,0,1, 
1342,273,0,1,0,0,0,1,0,0,0,1, 
1343,273,0,1,0,0,0,1,0,0,0,1, 
1344,273,0,1,0,0,0,1,0,0,0,1, 
1345,273,0,1,0,0,0,1,0,0,0,1, 
1346,276,0,1,0,0,0,1,0,1,0,0, 
1347,276,0,1,0,0,0,1,0,1,0,0, 
1348,276,0,1,0,0,0,1,0,1,0,0, 
1349,276,0,1,0,0,0,1,0,1,0,0, 
1350,276,0,1,0,0,0,1,0,1,0,0, 
1351,279,0,1,0,0,0,1,0,1,1,1, 
1352,279,0,1,0,0,0,1,0,1,1,1, 
1353,279,0,1,0,0,0,1,0,1,1,1, 
1354,279,0,1,0,0,0,1,0,1,1,1, 
1355,279,0,1,0,0,0,1,0,1,1,1, 
1356,281,0,1,0,0,0,1,1,0,0,1, 
1357,281,0,1,0,0,0,1,1,0,0,1, 
1358,281,0,1,0,0,0,1,1,0,0,1, 
1359,281,0,1,0,0,0,1,1,0,0,1, 
1360,281,0,1,0,0,0,1,1,0,0,1, 
1361,284,0,1,0,0,0,1,1,1,0,0, 
1362,284,0,1,0,0,0,1,1,1,0,0, 
1363,284,0,1,0,0,0,1,1,1,0,0, 
1364,284,0,1,0,0,0,1,1,1,0,0, 
1365,284,0,1,0,0,0,1,1,1,0,0, 
1366,287,0,1,0,0,0,1,1,1,1,1, 
1367,287,0,1,0,0,0,1,1,1,1,1, 
1368,287,0,1,0,0,0,1,1,1,1,1, 
1369,287,0,1,0,0,0,1,1,1,1,1, 
1370,290,0,1,0,0,1,0,0,0,1,0, 
1371,290,0,1,0,0,1,0,0,0,1,0, 
1372,290,0,1,0,0,1,0,0,0,1,0, 
1373,290,0,1,0,0,1,0,0,0,1,0, 
1374,290,0,1,0,0,1,0,0,0,1,0, 
1375,293,0,1,0,0,1,0,0,1,0,1, 
1376,293,0,1,0,0,1,0,0,1,0,1, 
1377,293,0,1,0,0,1,0,0,1,0,1, 
1378,293,0,1,0,0,1,0,0,1,0,1, 
1379,293,0,1,0,0,1,0,0,1,0,1, 
1380,295,0,1,0,0,1,0,0,1,1,1, 
1381,295,0,1,0,0,1,0,0,1,1,1, 
1382,295,0,1,0,0,1,0,0,1,1,1, 
1383,295,0,1,0,0,1,0,0,1,1,1, 
1384,295,0,1,0,0,1,0,0,1,1,1, 
1385,298,0,1,0,0,1,0,1,0,1,0, 
1386,298,0,1,0,0,1,0,1,0,1,0, 
1387,298,0,1,0,0,1,0,1,0,1,0, 
1388,298,0,1,0,0,1,0,1,0,1,0, 
1389,298,0,1,0,0,1,0,1,0,1,0, 
1390,301,0,1,0,0,1,0,1,1,0,1, 
1391,301,0,1,0,0,1,0,1,1,0,1, 
1392,301,0,1,0,0,1,0,1,1,0,1, 
1393,301,0,1,0,0,1,0,1,1,0,1, 
1394,301,0,1,0,0,1,0,1,1,0,1, 
1395,304,0,1,0,0,1,1,0,0,0,0, 
1396,304,0,1,0,0,1,1,0,0,0,0, 
1397,304,0,1,0,0,1,1,0,0,0,0, 
1398,304,0,1,0,0,1,1,0,0,0,0, 
1399,304,0,1,0,0,1,1,0,0,0,0, 
1400,307,0,1,0,0,1,1,0,0,1,1, 
1401,307,0,1,0,0,1,1,0,0,1,1, 
1402,307,0,1,0,0,1,1,0,0,1,1, 
1403,307,0,1,0,0,1,1,0,0,1,1, 
1404,307,0,1,0,0,1,1,0,0,1,1, 
1405,310,0,1,0,0,1,1,0,1,1,0, 
1406,310,0,1,0,0,1,1,0,1,1,0, 
1407,310,0,1,0,0,1,1,0,1,1,0, 
1408,310,0,1,0,0,1,1,0,1,1,0, 
1409,313,0,1,0,0,1,1,1,0,0,1, 
1410,313,0,1,0,0,1,1,1,0,0,1, 
1411,313,0,1,0,0,1,1,1,0,0,1, 
1412,313,0,1,0,0,1,1,1,0,0,1, 
1413,313,0,1,0,0,1,1,1,0,0,1, 
1414,316,0,1,0,0,1,1,1,1,0,0, 
1415,316,0,1,0,0,1,1,1,1,0,0, 
1416,316,0,1,0,0,1,1,1,1,0,0, 
1417,316,0,1,0,0,1,1,1,1,0,0, 
1418,316,0,1,0,0,1,1,1,1,0,0, 
1419,318,0,1,0,0,1,1,1,1,1,0, 
1420,318,0,1,0,0,1,1,1,1,1,0, 
1421,318,0,1,0,0,1,1,1,1,1,0, 
1422,318,0,1,0,0,1,1,1,1,1,0, 
1423,318,0,1,0,0,1,1,1,1,1,0, 
1424,321,0,1,0,1,0,0,0,0,0,1, 
1425,321,0,1,0,1,0,0,0,0,0,1, 
1426,321,0,1,0,1,0,0,0,0,0,1, 
1427,321,0,1,0,1,0,0,0,0,0,1, 
1428,321,0,1,0,1,0,0,0,0,0,1, 
1429,324,0,1,0,1,0,0,0,1,0,0, 
1430,324,0,1,0,1,0,0,0,1,0,0, 
1431,324,0,1,0,1,0,0,0,1,0,0, 
1432,324,0,1,0,1,0,0,0,1,0,0, 
1433,324,0,1,0,1,0,0,0,1,0,0, 
1434,327,0,1,0,1,0,0,0,1,1,1, 
1435,327,0,1,0,1,0,0,0,1,1,1, 
1436,327,0,1,0,1,0,0,0,1,1,1, 
1437,327,0,1,0,1,0,0,0,1,1,1, 
1438,327,0,1,0,1,0,0,0,1,1,1, 
1439,330,0,1,0,1,0,0,1,0,1,0, 
1440,330,0,1,0,1,0,0,1,0,1,0, 
1441,330,0,1,0,1,0,0,1,0,1,0, 
1442,330,0,1,0,1,0,0,1,0,1,0, 
1443,330,0,1,0,1,0,0,1,0,1,0, 
1444,333,0,1,0,1,0,0,1,1,0,1, 
1445,333,0,1,0,1,0,0,1,1,0,1, 
1446,333,0,1,0,1,0,0,1,1,0,1, 
1447,333,0,1,0,1,0,0,1,1,0,1, 
1448,333,0,1,0,1,0,0,1,1,0,1, 
1449,336,0,1,0,1,0,1,0,0,0,0, 
1450,336,0,1,0,1,0,1,0,0,0,0, 
1451,336,0,1,0,1,0,1,0,0,0,0, 
1452,336,0,1,0,1,0,1,0,0,0,0, 
1453,339,0,1,0,1,0,1,0,0,1,1, 
1454,339,0,1,0,1,0,1,0,0,1,1, 
1455,339,0,1,0,1,0,1,0,0,1,1, 
1456,339,0,1,0,1,0,1,0,0,1,1, 
1457,339,0,1,0,1,0,1,0,0,1,1, 
1458,342,0,1,0,1,0,1,0,1,1,0, 
1459,342,0,1,0,1,0,1,0,1,1,0, 
1460,342,0,1,0,1,0,1,0,1,1,0, 
1461,342,0,1,0,1,0,1,0,1,1,0, 
1462,342,0,1,0,1,0,1,0,1,1,0, 
1463,345,0,1,0,1,0,1,1,0,0,1, 
1464,345,0,1,0,1,0,1,1,0,0,1, 
1465,345,0,1,0,1,0,1,1,0,0,1, 
1466,345,0,1,0,1,0,1,1,0,0,1, 
1467,345,0,1,0,1,0,1,1,0,0,1, 
1468,348,0,1,0,1,0,1,1,1,0,0, 
1469,348,0,1,0,1,0,1,1,1,0,0, 
1470,348,0,1,0,1,0,1,1,1,0,0, 
1471,348,0,1,0,1,0,1,1,1,0,0, 
1472,348,0,1,0,1,0,1,1,1,0,0, 
1473,351,0,1,0,1,0,1,1,1,1,1, 
1474,351,0,1,0,1,0,1,1,1,1,1, 
1475,351,0,1,0,1,0,1,1,1,1,1, 
1476,351,0,1,0,1,0,1,1,1,1,1, 
1477,351,0,1,0,1,0,1,1,1,1,1, 
1478,354,0,1,0,1,1,0,0,0,1,0, 
1479,354,0,1,0,1,1,0,0,0,1,0, 
1480,354,0,1,0,1,1,0,0,0,1,0, 
1481,354,0,1,0,1,1,0,0,0,1,0, 
1482,354,0,1,0,1,1,0,0,0,1,0, 
1483,357,0,1,0,1,1,0,0,1,0,1, 
1484,357,0,1,0,1,1,0,0,1,0,1, 
1485,357,0,1,0,1,1,0,0,1,0,1, 
1486,357,0,1,0,1,1,0,0,1,0,1, 
1487,357,0,1,0,1,1,0,0,1,0,1, 
1488,360,0,1,0,1,1,0,1,0,0,0, 
1489,360,0,1,0,1,1,0,1,0,0,0, 
1490,360,0,1,0,1,1,0,1,0,0,0, 
1491,360,0,1,0,1,1,0,1,0,0,0, 
1492,363,0,1,0,1,1,0,1,0,1,1, 
1493,363,0,1,0,1,1,0,1,0,1,1, 
1494,363,0,1,0,1,1,0,1,0,1,1, 
1495,363,0,1,0,1,1,0,1,0,1,1, 
1496,363,0,1,0,1,1,0,1,0,1,1, 
1497,366,0,1,0,1,1,0,1,1,1,0, 
1498,366,0,1,0,1,1,0,1,1,1,0, 
1499,366,0,1,0,1,1,0,1,1,1,0, 
1500,366,0,1,0,1,1,0,1,1,1,0, 
1501,366,0,1,0,1,1,0,1,1,1,0, 
1502,369,0,1,0,1,1,1,0,0,0,1, 
1503,369,0,1,0,1,1,1,0,0,0,1, 
1504,369,0,1,0,1,1,1,0,0,0,1, 
1505,369,0,1,0,1,1,1,0,0,0,1, 
1506,369,0,1,0,1,1,1,0,0,0,1, 
1507,372,0,1,0,1,1,1,0,1,0,0, 
1508,372,0,1,0,1,1,1,0,1,0,0, 
1509,372,0,1,0,1,1,1,0,1,0,0, 
1510,372,0,1,0,1,1,1,0,1,0,0, 
1511,372,0,1,0,1,1,1,0,1,0,0, 
1512,375,0,1,0,1,1,1,0,1,1,1, 
1513,375,0,1,0,1,1,1,0,1,1,1, 
1514,375,0,1,0,1,1,1,0,1,1,1, 
1515,375,0,1,0,1,1,1,0,1,1,1, 
1516,375,0,1,0,1,1,1,0,1,1,1, 
1517,378,0,1,0,1,1,1,1,0,1,0, 
1518,378,0,1,0,1,1,1,1,0,1,0, 
1519,378,0,1,0,1,1,1,1,0,1,0, 
1520,378,0,1,0,1,1,1,1,0,1,0, 
1521,378,0,1,0,1,1,1,1,0,1,0, 
1522,381,0,1,0,1,1,1,1,1,0,1, 
1523,381,0,1,0,1,1,1,1,1,0,1, 
1524,381,0,1,0,1,1,1,1,1,0,1, 
1525,381,0,1,0,1,1,1,1,1,0,1, 
1526,381,0,1,0,1,1,1,1,1,0,1, 
1527,384,0,1,1,0,0,0,0,0,0,0, 
1528,384,0,1,1,0,0,0,0,0,0,0, 
1529,384,0,1,1,0,0,0,0,0,0,0, 
1530,384,0,1,1,0,0,0,0,0,0,0, 
1531,384,0,1,1,0,0,0,0,0,0,0, 
1532,387,0,1,1,0,0,0,0,0,1,1, 
1533,387,0,1,1,0,0,0,0,0,1,1, 
1534,387,0,1,1,0,0,0,0,0,1,1, 
1535,387,0,1,1,0,0,0,0,0,1,1, 
1536,390,0,1,1,0,0,0,0,1,1,0, 
1537,390,0,1,1,0,0,0,0,1,1,0, 
1538,390,0,1,1,0,0,0,0,1,1,0, 
1539,390,0,1,1,0,0,0,0,1,1,0, 
1540,390,0,1,1,0,0,0,0,1,1,0, 
1541,393,0,1,1,0,0,0,1,0,0,1, 
1542,393,0,1,1,0,0,0,1,0,0,1, 
1543,393,0,1,1,0,0,0,1,0,0,1, 
1544,393,0,1,1,0,0,0,1,0,0,1, 
1545,393,0,1,1,0,0,0,1,0,0,1, 
1546,396,0,1,1,0,0,0,1,1,0,0, 
1547,396,0,1,1,0,0,0,1,1,0,0, 
1548,396,0,1,1,0,0,0,1,1,0,0, 
1549,396,0,1,1,0,0,0,1,1,0,0, 
1550,396,0,1,1,0,0,0,1,1,0,0, 
1551,399,0,1,1,0,0,0,1,1,1,1, 
1552,399,0,1,1,0,0,0,1,1,1,1, 
1553,399,0,1,1,0,0,0,1,1,1,1, 
1554,399,0,1,1,0,0,0,1,1,1,1, 
1555,399,0,1,1,0,0,0,1,1,1,1, 
1556,402,0,1,1,0,0,1,0,0,1,0, 
1557,402,0,1,1,0,0,1,0,0,1,0, 
1558,402,0,1,1,0,0,1,0,0,1,0, 
1559,402,0,1,1,0,0,1,0,0,1,0, 
1560,402,0,1,1,0,0,1,0,0,1,0, 
1561,405,0,1,1,0,0,1,0,1,0,1, 
1562,405,0,1,1,0,0,1,0,1,0,1, 
1563,405,0,1,1,0,0,1,0,1,0,1, 
1564,405,0,1,1,0,0,1,0,1,0,1, 
1565,405,0,1,1,0,0,1,0,1,0,1, 
1566,408,0,1,1,0,0,1,1,0,0,0, 
1567,408,0,1,1,0,0,1,1,0,0,0, 
1568,408,0,1,1,0,0,1,1,0,0,0, 
1569,408,0,1,1,0,0,1,1,0,0,0, 
1570,408,0,1,1,0,0,1,1,0,0,0, 
1571,411,0,1,1,0,0,1,1,0,1,1, 
1572,411,0,1,1,0,0,1,1,0,1,1, 
1573,411,0,1,1,0,0,1,1,0,1,1, 
1574,411,0,1,1,0,0,1,1,0,1,1, 
1575,414,0,1,1,0,0,1,1,1,1,0, 
1576,414,0,1,1,0,0,1,1,1,1,0, 
1577,414,0,1,1,0,0,1,1,1,1,0, 
1578,414,0,1,1,0,0,1,1,1,1,0, 
1579,414,0,1,1,0,0,1,1,1,1,0, 
1580,418,0,1,1,0,1,0,0,0,1,0, 
1581,418,0,1,1,0,1,0,0,0,1,0, 
1582,418,0,1,1,0,1,0,0,0,1,0, 
1583,418,0,1,1,0,1,0,0,0,1,0, 
1584,418,0,1,1,0,1,0,0,0,1,0, 
1585,421,0,1,1,0,1,0,0,1,0,1, 
1586,421,0,1,1,0,1,0,0,1,0,1, 
1587,421,0,1,1,0,1,0,0,1,0,1, 
1588,421,0,1,1,0,1,0,0,1,0,1, 
1589,421,0,1,1,0,1,0,0,1,0,1, 
1590,424,0,1,1,0,1,0,1,0,0,0, 
1591,424,0,1,1,0,1,0,1,0,0,0, 
1592,424,0,1,1,0,1,0,1,0,0,0, 
1593,424,0,1,1,0,1,0,1,0,0,0, 
1594,424,0,1,1,0,1,0,1,0,0,0, 
1595,427,0,1,1,0,1,0,1,0,1,1, 
1596,427,0,1,1,0,1,0,1,0,1,1, 
1597,427,0,1,1,0,1,0,1,0,1,1, 
1598,427,0,1,1,0,1,0,1,0,1,1, 
1599,427,0,1,1,0,1,0,1,0,1,1, 
1600,430,0,1,1,0,1,0,1,1,1,0, 
1601,430,0,1,1,0,1,0,1,1,1,0, 
1602,430,0,1,1,0,1,0,1,1,1,0, 
1603,430,0,1,1,0,1,0,1,1,1,0, 
1604,430,0,1,1,0,1,0,1,1,1,0, 
1605,433,0,1,1,0,1,1,0,0,0,1, 
1606,433,0,1,1,0,1,1,0,0,0,1, 
1607,433,0,1,1,0,1,1,0,0,0,1, 
1608,433,0,1,1,0,1,1,0,0,0,1, 
1609,433,0,1,1,0,1,1,0,0,0,1, 
1610,436,0,1,1,0,1,1,0,1,0,0, 
1611,436,0,1,1,0,1,1,0,1,0,0, 
1612,436,0,1,1,0,1,1,0,1,0,0, 
1613,436,0,1,1,0,1,1,0,1,0,0, 
1614,436,0,1,1,0,1,1,0,1,0,0, 
1615,439,0,1,1,0,1,1,0,1,1,1, 
1616,439,0,1,1,0,1,1,0,1,1,1, 
1617,439,0,1,1,0,1,1,0,1,1,1, 
1618,439,0,1,1,0,1,1,0,1,1,1, 
1619,442,0,1,1,0,1,1,1,0,1,0, 
1620,442,0,1,1,0,1,1,1,0,1,0, 
1621,442,0,1,1,0,1,1,1,0,1,0, 
1622,442,0,1,1,0,1,1,1,0,1,0, 
1623,442,0,1,1,0,1,1,1,0,1,0, 
1624,445,0,1,1,0,1,1,1,1,0,1, 
1625,445,0,1,1,0,1,1,1,1,0,1, 
1626,445,0,1,1,0,1,1,1,1,0,1, 
1627,445,0,1,1,0,1,1,1,1,0,1, 
1628,445,0,1,1,0,1,1,1,1,0,1, 
1629,448,0,1,1,1,0,0,0,0,0,0, 
1630,448,0,1,1,1,0,0,0,0,0,0, 
1631,448,0,1,1,1,0,0,0,0,0,0, 
1632,448,0,1,1,1,0,0,0,0,0,0, 
1633,448,0,1,1,1,0,0,0,0,0,0, 
1634,452,0,1,1,1,0,0,0,1,0,0, 
1635,452,0,1,1,1,0,0,0,1,0,0, 
1636,452,0,1,1,1,0,0,0,1,0,0, 
1637,452,0,1,1,1,0,0,0,1,0,0, 
1638,452,0,1,1,1,0,0,0,1,0,0, 
1639,455,0,1,1,1,0,0,0,1,1,1, 
1640,455,0,1,1,1,0,0,0,1,1,1, 
1641,455,0,1,1,1,0,0,0,1,1,1, 
1642,455,0,1,1,1,0,0,0,1,1,1, 
1643,455,0,1,1,1,0,0,0,1,1,1, 
1644,458,0,1,1,1,0,0,1,0,1,0, 
1645,458,0,1,1,1,0,0,1,0,1,0, 
1646,458,0,1,1,1,0,0,1,0,1,0, 
1647,458,0,1,1,1,0,0,1,0,1,0, 
1648,458,0,1,1,1,0,0,1,0,1,0, 
1649,461,0,1,1,1,0,0,1,1,0,1, 
1650,461,0,1,1,1,0,0,1,1,0,1, 
1651,461,0,1,1,1,0,0,1,1,0,1, 
1652,461,0,1,1,1,0,0,1,1,0,1, 
1653,461,0,1,1,1,0,0,1,1,0,1, 
1654,464,0,1,1,1,0,1,0,0,0,0, 
1655,464,0,1,1,1,0,1,0,0,0,0, 
1656,464,0,1,1,1,0,1,0,0,0,0, 
1657,464,0,1,1,1,0,1,0,0,0,0, 
1658,464,0,1,1,1,0,1,0,0,0,0, 
1659,467,0,1,1,1,0,1,0,0,1,1, 
1660,467,0,1,1,1,0,1,0,0,1,1, 
1661,467,0,1,1,1,0,1,0,0,1,1, 
1662,467,0,1,1,1,0,1,0,0,1,1, 
1663,470,0,1,1,1,0,1,0,1,1,0, 
1664,470,0,1,1,1,0,1,0,1,1,0, 
1665,470,0,1,1,1,0,1,0,1,1,0, 
1666,470,0,1,1,1,0,1,0,1,1,0, 
1667,470,0,1,1,1,0,1,0,1,1,0, 
1668,473,0,1,1,1,0,1,1,0,0,1, 
1669,473,0,1,1,1,0,1,1,0,0,1, 
1670,473,0,1,1,1,0,1,1,0,0,1, 
1671,473,0,1,1,1,0,1,1,0,0,1, 
1672,473,0,1,1,1,0,1,1,0,0,1, 
1673,477,0,1,1,1,0,1,1,1,0,1, 
1674,477,0,1,1,1,0,1,1,1,0,1, 
1675,477,0,1,1,1,0,1,1,1,0,1, 
1676,477,0,1,1,1,0,1,1,1,0,1, 
1677,477,0,1,1,1,0,1,1,1,0,1, 
1678,480,0,1,1,1,1,0,0,0,0,0, 
1679,480,0,1,1,1,1,0,0,0,0,0, 
1680,480,0,1,1,1,1,0,0,0,0,0, 
1681,480,0,1,1,1,1,0,0,0,0,0, 
1682,480,0,1,1,1,1,0,0,0,0,0, 
1683,483,0,1,1,1,1,0,0,0,1,1, 
1684,483,0,1,1,1,1,0,0,0,1,1, 
1685,483,0,1,1,1,1,0,0,0,1,1, 
1686,483,0,1,1,1,1,0,0,0,1,1, 
1687,483,0,1,1,1,1,0,0,0,1,1, 
1688,486,0,1,1,1,1,0,0,1,1,0, 
1689,486,0,1,1,1,1,0,0,1,1,0, 
1690,486,0,1,1,1,1,0,0,1,1,0, 
1691,486,0,1,1,1,1,0,0,1,1,0, 
1692,486,0,1,1,1,1,0,0,1,1,0, 
1693,489,0,1,1,1,1,0,1,0,0,1, 
1694,489,0,1,1,1,1,0,1,0,0,1, 
1695,489,0,1,1,1,1,0,1,0,0,1, 
1696,489,0,1,1,1,1,0,1,0,0,1, 
1697,489,0,1,1,1,1,0,1,0,0,1, 
1698,492,0,1,1,1,1,0,1,1,0,0, 
1699,492,0,1,1,1,1,0,1,1,0,0, 
1700,492,0,1,1,1,1,0,1,1,0,0, 
1701,492,0,1,1,1,1,0,1,1,0,0, 
1702,495,0,1,1,1,1,0,1,1,1,1, 
1703,495,0,1,1,1,1,0,1,1,1,1, 
1704,495,0,1,1,1,1,0,1,1,1,1, 
1705,495,0,1,1,1,1,0,1,1,1,1, 
1706,495,0,1,1,1,1,0,1,1,1,1, 
1707,498,0,1,1,1,1,1,0,0,1,0, 
1708,498,0,1,1,1,1,1,0,0,1,0, 
1709,498,0,1,1,1,1,1,0,0,1,0, 
1710,498,0,1,1,1,1,1,0,0,1,0, 
1711,498,0,1,1,1,1,1,0,0,1,0, 
1712,502,0,1,1,1,1,1,0,1,1,0, 
1713,502,0,1,1,1,1,1,0,1,1,0, 
1714,502,0,1,1,1,1,1,0,1,1,0, 
1715,502,0,1,1,1,1,1,0,1,1,0, 
1716,502,0,1,1,1,1,1,0,1,1,0, 
1717,505,0,1,1,1,1,1,1,0,0,1, 
1718,505,0,1,1,1,1,1,1,0,0,1, 
1719,505,0,1,1,1,1,1,1,0,0,1, 
1720,505,0,1,1,1,1,1,1,0,0,1, 
1721,505,0,1,1,1,1,1,1,0,0,1, 
1722,508,0,1,1,1,1,1,1,1,0,0, 
1723,508,0,1,1,1,1,1,1,1,0,0, 
1724,508,0,1,1,1,1,1,1,1,0,0, 
1725,508,0,1,1,1,1,1,1,1,0,0, 
1726,508,0,1,1,1,1,1,1,1,0,0, 
1727,511,0,1,1,1,1,1,1,1,1,1, 
1728,511,0,1,1,1,1,1,1,1,1,1, 
1729,511,0,1,1,1,1,1,1,1,1,1, 
1730,512,1,0,0,0,0,0,0,0,0,0, 
1731,512,1,0,0,0,0,0,0,0,0,0, 
1732,512,1,0,0,0,0,0,0,0,0,0, 
1733,512,1,0,0,0,0,0,0,0,0,0, 
1734,512,1,0,0,0,0,0,0,0,0,0, 
1735,512,1,0,0,0,0,0,0,0,0,0, 
1736,512,1,0,0,0,0,0,0,0,0,0, 
1737,515,1,0,0,0,0,0,0,0,1,1, 
1738,515,1,0,0,0,0,0,0,0,1,1, 
1739,515,1,0,0,0,0,0,0,0,1,1, 
1740,515,1,0,0,0,0,0,0,0,1,1, 
1741,515,1,0,0,0,0,0,0,0,1,1, 
1742,518,1,0,0,0,0,0,0,1,1,0, 
1743,518,1,0,0,0,0,0,0,1,1,0, 
1744,518,1,0,0,0,0,0,0,1,1,0, 
1745,518,1,0,0,0,0,0,0,1,1,0, 
1746,521,1,0,0,0,0,0,1,0,0,1, 
1747,521,1,0,0,0,0,0,1,0,0,1, 
1748,521,1,0,0,0,0,0,1,0,0,1, 
1749,521,1,0,0,0,0,0,1,0,0,1, 
1750,521,1,0,0,0,0,0,1,0,0,1, 
1751,525,1,0,0,0,0,0,1,1,0,1, 
1752,525,1,0,0,0,0,0,1,1,0,1, 
1753,525,1,0,0,0,0,0,1,1,0,1, 
1754,525,1,0,0,0,0,0,1,1,0,1, 
1755,525,1,0,0,0,0,0,1,1,0,1, 
1756,528,1,0,0,0,0,1,0,0,0,0, 
1757,528,1,0,0,0,0,1,0,0,0,0, 
1758,528,1,0,0,0,0,1,0,0,0,0, 
1759,528,1,0,0,0,0,1,0,0,0,0, 
1760,528,1,0,0,0,0,1,0,0,0,0, 
1761,531,1,0,0,0,0,1,0,0,1,1, 
1762,531,1,0,0,0,0,1,0,0,1,1, 
1763,531,1,0,0,0,0,1,0,0,1,1, 
1764,531,1,0,0,0,0,1,0,0,1,1, 
1765,531,1,0,0,0,0,1,0,0,1,1, 
1766,534,1,0,0,0,0,1,0,1,1,0, 
1767,534,1,0,0,0,0,1,0,1,1,0, 
1768,534,1,0,0,0,0,1,0,1,1,0, 
1769,534,1,0,0,0,0,1,0,1,1,0, 
1770,534,1,0,0,0,0,1,0,1,1,0, 
1771,537,1,0,0,0,0,1,1,0,0,1, 
1772,537,1,0,0,0,0,1,1,0,0,1, 
1773,537,1,0,0,0,0,1,1,0,0,1, 
1774,537,1,0,0,0,0,1,1,0,0,1, 
1775,537,1,0,0,0,0,1,1,0,0,1, 
1776,540,1,0,0,0,0,1,1,1,0,0, 
1777,540,1,0,0,0,0,1,1,1,0,0, 
1778,540,1,0,0,0,0,1,1,1,0,0, 
1779,540,1,0,0,0,0,1,1,1,0,0, 
1780,540,1,0,0,0,0,1,1,1,0,0, 
1781,543,1,0,0,0,0,1,1,1,1,1, 
1782,543,1,0,0,0,0,1,1,1,1,1, 
1783,543,1,0,0,0,0,1,1,1,1,1, 
1784,543,1,0,0,0,0,1,1,1,1,1, 
1785,546,1,0,0,0,1,0,0,0,1,0, 
1786,546,1,0,0,0,1,0,0,0,1,0, 
1787,546,1,0,0,0,1,0,0,0,1,0, 
1788,546,1,0,0,0,1,0,0,0,1,0, 
1789,546,1,0,0,0,1,0,0,0,1,0, 
1790,550,1,0,0,0,1,0,0,1,1,0, 
1791,550,1,0,0,0,1,0,0,1,1,0, 
1792,550,1,0,0,0,1,0,0,1,1,0, 
1793,550,1,0,0,0,1,0,0,1,1,0, 
1794,550,1,0,0,0,1,0,0,1,1,0, 
1795,553,1,0,0,0,1,0,1,0,0,1, 
1796,553,1,0,0,0,1,0,1,0,0,1, 
1797,553,1,0,0,0,1,0,1,0,0,1, 
1798,553,1,0,0,0,1,0,1,0,0,1, 
1799,553,1,0,0,0,1,0,1,0,0,1, 
1800,556,1,0,0,0,1,0,1,1,0,0, 
1801,556,1,0,0,0,1,0,1,1,0,0, 
1802,556,1,0,0,0,1,0,1,1,0,0, 
1803,556,1,0,0,0,1,0,1,1,0,0, 
1804,556,1,0,0,0,1,0,1,1,0,0, 
1805,559,1,0,0,0,1,0,1,1,1,1, 
1806,559,1,0,0,0,1,0,1,1,1,1, 
1807,559,1,0,0,0,1,0,1,1,1,1, 
1808,559,1,0,0,0,1,0,1,1,1,1, 
1809,559,1,0,0,0,1,0,1,1,1,1, 
1810,562,1,0,0,0,1,1,0,0,1,0, 
1811,562,1,0,0,0,1,1,0,0,1,0, 
1812,562,1,0,0,0,1,1,0,0,1,0, 
1813,562,1,0,0,0,1,1,0,0,1,0, 
1814,562,1,0,0,0,1,1,0,0,1,0, 
1815,565,1,0,0,0,1,1,0,1,0,1, 
1816,565,1,0,0,0,1,1,0,1,0,1, 
1817,565,1,0,0,0,1,1,0,1,0,1, 
1818,565,1,0,0,0,1,1,0,1,0,1, 
1819,565,1,0,0,0,1,1,0,1,0,1, 
1820,568,1,0,0,0,1,1,1,0,0,0, 
1821,568,1,0,0,0,1,1,1,0,0,0, 
1822,568,1,0,0,0,1,1,1,0,0,0, 
1823,568,1,0,0,0,1,1,1,0,0,0, 
1824,568,1,0,0,0,1,1,1,0,0,0, 
1825,571,1,0,0,0,1,1,1,0,1,1, 
1826,571,1,0,0,0,1,1,1,0,1,1, 
1827,571,1,0,0,0,1,1,1,0,1,1, 
1828,571,1,0,0,0,1,1,1,0,1,1, 
1829,575,1,0,0,0,1,1,1,1,1,1, 
1830,575,1,0,0,0,1,1,1,1,1,1, 
1831,575,1,0,0,0,1,1,1,1,1,1, 
1832,575,1,0,0,0,1,1,1,1,1,1, 
1833,575,1,0,0,0,1,1,1,1,1,1, 
1834,578,1,0,0,1,0,0,0,0,1,0, 
1835,578,1,0,0,1,0,0,0,0,1,0, 
1836,578,1,0,0,1,0,0,0,0,1,0, 
1837,578,1,0,0,1,0,0,0,0,1,0, 
1838,578,1,0,0,1,0,0,0,0,1,0, 
1839,581,1,0,0,1,0,0,0,1,0,1, 
1840,581,1,0,0,1,0,0,0,1,0,1, 
1841,581,1,0,0,1,0,0,0,1,0,1, 
1842,581,1,0,0,1,0,0,0,1,0,1, 
1843,581,1,0,0,1,0,0,0,1,0,1, 
1844,584,1,0,0,1,0,0,1,0,0,0, 
1845,584,1,0,0,1,0,0,1,0,0,0, 
1846,584,1,0,0,1,0,0,1,0,0,0, 
1847,584,1,0,0,1,0,0,1,0,0,0, 
1848,584,1,0,0,1,0,0,1,0,0,0, 
1849,587,1,0,0,1,0,0,1,0,1,1, 
1850,587,1,0,0,1,0,0,1,0,1,1, 
1851,587,1,0,0,1,0,0,1,0,1,1, 
1852,587,1,0,0,1,0,0,1,0,1,1, 
1853,587,1,0,0,1,0,0,1,0,1,1, 
1854,590,1,0,0,1,0,0,1,1,1,0, 
1855,590,1,0,0,1,0,0,1,1,1,0, 
1856,590,1,0,0,1,0,0,1,1,1,0, 
1857,590,1,0,0,1,0,0,1,1,1,0, 
1858,590,1,0,0,1,0,0,1,1,1,0, 
1859,593,1,0,0,1,0,1,0,0,0,1, 
1860,593,1,0,0,1,0,1,0,0,0,1, 
1861,593,1,0,0,1,0,1,0,0,0,1, 
1862,593,1,0,0,1,0,1,0,0,0,1, 
1863,593,1,0,0,1,0,1,0,0,0,1, 
1864,596,1,0,0,1,0,1,0,1,0,0, 
1865,596,1,0,0,1,0,1,0,1,0,0, 
1866,596,1,0,0,1,0,1,0,1,0,0, 
1867,596,1,0,0,1,0,1,0,1,0,0, 
1868,599,1,0,0,1,0,1,0,1,1,1, 
1869,599,1,0,0,1,0,1,0,1,1,1, 
1870,599,1,0,0,1,0,1,0,1,1,1, 
1871,599,1,0,0,1,0,1,0,1,1,1, 
1872,599,1,0,0,1,0,1,0,1,1,1, 
1873,602,1,0,0,1,0,1,1,0,1,0, 
1874,602,1,0,0,1,0,1,1,0,1,0, 
1875,602,1,0,0,1,0,1,1,0,1,0, 
1876,602,1,0,0,1,0,1,1,0,1,0, 
1877,602,1,0,0,1,0,1,1,0,1,0, 
1878,605,1,0,0,1,0,1,1,1,0,1, 
1879,605,1,0,0,1,0,1,1,1,0,1, 
1880,605,1,0,0,1,0,1,1,1,0,1, 
1881,605,1,0,0,1,0,1,1,1,0,1, 
1882,605,1,0,0,1,0,1,1,1,0,1, 
1883,609,1,0,0,1,1,0,0,0,0,1, 
1884,609,1,0,0,1,1,0,0,0,0,1, 
1885,609,1,0,0,1,1,0,0,0,0,1, 
1886,609,1,0,0,1,1,0,0,0,0,1, 
1887,609,1,0,0,1,1,0,0,0,0,1, 
1888,612,1,0,0,1,1,0,0,1,0,0, 
1889,612,1,0,0,1,1,0,0,1,0,0, 
1890,612,1,0,0,1,1,0,0,1,0,0, 
1891,612,1,0,0,1,1,0,0,1,0,0, 
1892,612,1,0,0,1,1,0,0,1,0,0, 
1893,615,1,0,0,1,1,0,0,1,1,1, 
1894,615,1,0,0,1,1,0,0,1,1,1, 
1895,615,1,0,0,1,1,0,0,1,1,1, 
1896,615,1,0,0,1,1,0,0,1,1,1, 
1897,615,1,0,0,1,1,0,0,1,1,1, 
1898,618,1,0,0,1,1,0,1,0,1,0, 
1899,618,1,0,0,1,1,0,1,0,1,0, 
1900,618,1,0,0,1,1,0,1,0,1,0, 
1901,618,1,0,0,1,1,0,1,0,1,0, 
1902,618,1,0,0,1,1,0,1,0,1,0, 
1903,621,1,0,0,1,1,0,1,1,0,1, 
1904,621,1,0,0,1,1,0,1,1,0,1, 
1905,621,1,0,0,1,1,0,1,1,0,1, 
1906,621,1,0,0,1,1,0,1,1,0,1, 
1907,621,1,0,0,1,1,0,1,1,0,1, 
1908,624,1,0,0,1,1,1,0,0,0,0, 
1909,624,1,0,0,1,1,1,0,0,0,0, 
1910,624,1,0,0,1,1,1,0,0,0,0, 
1911,624,1,0,0,1,1,1,0,0,0,0, 
1912,627,1,0,0,1,1,1,0,0,1,1, 
1913,627,1,0,0,1,1,1,0,0,1,1, 
1914,627,1,0,0,1,1,1,0,0,1,1, 
1915,627,1,0,0,1,1,1,0,0,1,1, 
1916,627,1,0,0,1,1,1,0,0,1,1, 
1917,630,1,0,0,1,1,1,0,1,1,0, 
1918,630,1,0,0,1,1,1,0,1,1,0, 
1919,630,1,0,0,1,1,1,0,1,1,0, 
1920,630,1,0,0,1,1,1,0,1,1,0, 
1921,630,1,0,0,1,1,1,0,1,1,0, 
1922,633,1,0,0,1,1,1,1,0,0,1, 
1923,633,1,0,0,1,1,1,1,0,0,1, 
1924,633,1,0,0,1,1,1,1,0,0,1, 
1925,633,1,0,0,1,1,1,1,0,0,1, 
1926,633,1,0,0,1,1,1,1,0,0,1, 
1927,636,1,0,0,1,1,1,1,1,0,0, 
1928,636,1,0,0,1,1,1,1,1,0,0, 
1929,636,1,0,0,1,1,1,1,1,0,0, 
1930,636,1,0,0,1,1,1,1,1,0,0, 
1931,636,1,0,0,1,1,1,1,1,0,0, 
1932,639,1,0,0,1,1,1,1,1,1,1, 
1933,639,1,0,0,1,1,1,1,1,1,1, 
1934,639,1,0,0,1,1,1,1,1,1,1, 
1935,639,1,0,0,1,1,1,1,1,1,1, 
1936,639,1,0,0,1,1,1,1,1,1,1, 
1937,642,1,0,1,0,0,0,0,0,1,0, 
1938,642,1,0,1,0,0,0,0,0,1,0, 
1939,642,1,0,1,0,0,0,0,0,1,0, 
1940,642,1,0,1,0,0,0,0,0,1,0, 
1941,642,1,0,1,0,0,0,0,0,1,0, 
1942,645,1,0,1,0,0,0,0,1,0,1, 
1943,645,1,0,1,0,0,0,0,1,0,1, 
1944,645,1,0,1,0,0,0,0,1,0,1, 
1945,645,1,0,1,0,0,0,0,1,0,1, 
1946,645,1,0,1,0,0,0,0,1,0,1, 
1947,648,1,0,1,0,0,0,1,0,0,0, 
1948,648,1,0,1,0,0,0,1,0,0,0, 
1949,648,1,0,1,0,0,0,1,0,0,0, 
1950,648,1,0,1,0,0,0,1,0,0,0, 
1951,651,1,0,1,0,0,0,1,0,1,1, 
1952,651,1,0,1,0,0,0,1,0,1,1, 
1953,651,1,0,1,0,0,0,1,0,1,1, 
1954,651,1,0,1,0,0,0,1,0,1,1, 
1955,651,1,0,1,0,0,0,1,0,1,1, 
1956,654,1,0,1,0,0,0,1,1,1,0, 
1957,654,1,0,1,0,0,0,1,1,1,0, 
1958,654,1,0,1,0,0,0,1,1,1,0, 
1959,654,1,0,1,0,0,0,1,1,1,0, 
1960,654,1,0,1,0,0,0,1,1,1,0, 
1961,657,1,0,1,0,0,1,0,0,0,1, 
1962,657,1,0,1,0,0,1,0,0,0,1, 
1963,657,1,0,1,0,0,1,0,0,0,1, 
1964,657,1,0,1,0,0,1,0,0,0,1, 
1965,657,1,0,1,0,0,1,0,0,0,1, 
1966,660,1,0,1,0,0,1,0,1,0,0, 
1967,660,1,0,1,0,0,1,0,1,0,0, 
1968,660,1,0,1,0,0,1,0,1,0,0, 
1969,660,1,0,1,0,0,1,0,1,0,0, 
1970,660,1,0,1,0,0,1,0,1,0,0, 
1971,663,1,0,1,0,0,1,0,1,1,1, 
1972,663,1,0,1,0,0,1,0,1,1,1, 
1973,663,1,0,1,0,0,1,0,1,1,1, 
1974,663,1,0,1,0,0,1,0,1,1,1, 
1975,663,1,0,1,0,0,1,0,1,1,1, 
1976,666,1,0,1,0,0,1,1,0,1,0, 
1977,666,1,0,1,0,0,1,1,0,1,0, 
1978,666,1,0,1,0,0,1,1,0,1,0, 
1979,666,1,0,1,0,0,1,1,0,1,0, 
1980,666,1,0,1,0,0,1,1,0,1,0, 
1981,669,1,0,1,0,0,1,1,1,0,1, 
1982,669,1,0,1,0,0,1,1,1,0,1, 
1983,669,1,0,1,0,0,1,1,1,0,1, 
1984,669,1,0,1,0,0,1,1,1,0,1, 
1985,669,1,0,1,0,0,1,1,1,0,1, 
1986,672,1,0,1,0,1,0,0,0,0,0, 
1987,672,1,0,1,0,1,0,0,0,0,0, 
1988,672,1,0,1,0,1,0,0,0,0,0, 
1989,672,1,0,1,0,1,0,0,0,0,0, 
1990,672,1,0,1,0,1,0,0,0,0,0, 
1991,675,1,0,1,0,1,0,0,0,1,1, 
1992,675,1,0,1,0,1,0,0,0,1,1, 
1993,675,1,0,1,0,1,0,0,0,1,1, 
1994,675,1,0,1,0,1,0,0,0,1,1, 
1995,678,1,0,1,0,1,0,0,1,1,0, 
1996,678,1,0,1,0,1,0,0,1,1,0, 
1997,678,1,0,1,0,1,0,0,1,1,0, 
1998,678,1,0,1,0,1,0,0,1,1,0, 
1999,678,1,0,1,0,1,0,0,1,1,0, 
2000,681,1,0,1,0,1,0,1,0,0,1, 
2001,681,1,0,1,0,1,0,1,0,0,1, 
2002,681,1,0,1,0,1,0,1,0,0,1, 
2003,681,1,0,1,0,1,0,1,0,0,1, 
2004,681,1,0,1,0,1,0,1,0,0,1, 
2005,684,1,0,1,0,1,0,1,1,0,0, 
2006,684,1,0,1,0,1,0,1,1,0,0, 
2007,684,1,0,1,0,1,0,1,1,0,0, 
2008,684,1,0,1,0,1,0,1,1,0,0, 
2009,684,1,0,1,0,1,0,1,1,0,0, 
2010,687,1,0,1,0,1,0,1,1,1,1, 
2011,687,1,0,1,0,1,0,1,1,1,1, 
2012,687,1,0,1,0,1,0,1,1,1,1, 
2013,687,1,0,1,0,1,0,1,1,1,1, 
2014,687,1,0,1,0,1,0,1,1,1,1, 
2015,690,1,0,1,0,1,1,0,0,1,0, 
2016,690,1,0,1,0,1,1,0,0,1,0, 
2017,690,1,0,1,0,1,1,0,0,1,0, 
2018,690,1,0,1,0,1,1,0,0,1,0, 
2019,690,1,0,1,0,1,1,0,0,1,0, 
2020,693,1,0,1,0,1,1,0,1,0,1, 
2021,693,1,0,1,0,1,1,0,1,0,1, 
2022,693,1,0,1,0,1,1,0,1,0,1, 
2023,693,1,0,1,0,1,1,0,1,0,1, 
2024,693,1,0,1,0,1,1,0,1,0,1, 
2025,696,1,0,1,0,1,1,1,0,0,0, 
2026,696,1,0,1,0,1,1,1,0,0,0, 
2027,696,1,0,1,0,1,1,1,0,0,0, 
2028,696,1,0,1,0,1,1,1,0,0,0, 
2029,696,1,0,1,0,1,1,1,0,0,0, 
2030,699,1,0,1,0,1,1,1,0,1,1, 
2031,699,1,0,1,0,1,1,1,0,1,1, 
2032,699,1,0,1,0,1,1,1,0,1,1, 
2033,699,1,0,1,0,1,1,1,0,1,1, 
2034,702,1,0,1,0,1,1,1,1,1,0, 
2035,702,1,0,1,0,1,1,1,1,1,0, 
2036,702,1,0,1,0,1,1,1,1,1,0, 
2037,702,1,0,1,0,1,1,1,1,1,0, 
2038,702,1,0,1,0,1,1,1,1,1,0, 
2039,705,1,0,1,1,0,0,0,0,0,1, 
2040,705,1,0,1,1,0,0,0,0,0,1, 
2041,705,1,0,1,1,0,0,0,0,0,1, 
2042,705,1,0,1,1,0,0,0,0,0,1, 
2043,705,1,0,1,1,0,0,0,0,0,1, 
2044,707,1,0,1,1,0,0,0,0,1,1, 
2045,707,1,0,1,1,0,0,0,0,1,1, 
2046,707,1,0,1,1,0,0,0,0,1,1, 
2047,707,1,0,1,1,0,0,0,0,1,1, 
2048,707,1,0,1,1,0,0,0,0,1,1, 
2049,707,1,0,1,1,0,0,0,0,1,1, 
